,modified Zurich class,largest spot size,spot distribution,activity,evolution,previous 24 hour flare activity,historically-complex,became complex on this pass,area,area of largest spot
0,1,4,2,1,2,1,1,2,1,2
1,2,4,2,1,3,1,1,2,1,2
2,1,4,2,1,3,1,1,2,1,1
3,2,4,2,1,3,1,1,2,1,2
4,2,0,2,1,3,1,1,2,1,2
5,2,0,2,1,2,1,1,2,1,2
6,2,0,2,1,2,1,1,2,1,1
7,2,0,2,1,2,1,1,2,1,2
8,2,2,2,1,3,1,1,2,1,2
9,1,3,2,1,3,1,1,2,1,1
10,0,5,2,1,3,1,1,2,1,1
11,2,4,2,1,2,1,1,2,1,1
12,1,1,1,1,3,1,1,2,1,2
13,2,3,2,1,3,1,1,2,1,1
14,0,5,2,1,2,1,1,2,1,1
15,0,5,2,1,3,1,1,2,1,1
16,2,2,1,1,3,1,1,2,1,2
17,2,4,2,1,2,1,1,2,1,2
18,2,3,2,1,2,1,1,2,1,1
19,1,0,1,1,2,1,1,2,1,2
20,1,4,2,1,2,1,1,2,1,1
21,0,5,2,1,3,1,1,2,1,1
22,4,2,1,1,3,1,2,2,1,2
23,0,5,2,1,2,1,1,2,1,1
24,5,3,3,1,2,1,1,1,1,2
25,0,5,1,1,3,1,1,2,1,1
26,1,3,1,1,3,1,1,2,1,2
27,0,5,2,1,3,1,1,2,1,1
28,0,5,2,1,3,1,1,2,1,2
29,2,0,1,1,3,1,2,2,1,2
30,2,0,2,1,3,1,1,2,1,2
31,0,5,2,1,3,1,1,2,1,1
32,2,0,1,1,3,1,1,2,1,2
33,0,5,2,1,3,1,1,2,1,2
34,2,3,2,1,3,1,1,2,1,2
35,2,0,2,1,2,1,1,2,1,1
36,1,0,1,1,3,1,1,2,1,1
37,2,0,1,1,2,1,2,2,1,1
38,2,0,1,2,2,3,1,2,1,2
39,2,0,1,1,2,1,2,2,1,2
40,0,5,2,1,3,1,1,2,1,1
41,2,3,2,1,1,1,1,2,1,1
42,2,0,1,1,2,1,1,2,1,1
43,2,4,2,1,1,1,1,2,1,1
44,2,4,1,1,3,1,1,2,1,1
45,2,0,1,1,3,1,2,2,1,2
46,2,0,1,2,3,1,2,2,1,1
47,2,0,1,1,2,1,2,2,1,1
48,0,5,2,1,2,1,1,2,1,1
49,2,4,2,1,3,1,2,2,1,2
50,2,4,2,1,3,1,1,2,1,1
51,0,5,2,1,3,1,1,2,1,1
52,2,0,2,1,3,1,2,2,1,2
53,2,2,0,2,3,1,2,2,1,2
54,2,0,1,1,3,1,2,2,1,2
55,0,5,2,1,3,1,1,2,1,1
56,2,0,2,1,3,1,2,2,1,2
57,2,4,1,1,3,1,1,2,1,1
58,2,2,0,1,2,1,1,2,1,2
59,2,0,1,1,2,1,1,2,1,2
60,0,5,2,1,3,1,1,2,1,1
61,2,4,2,1,2,1,2,2,1,2
62,2,2,0,2,3,3,2,2,1,2
63,3,2,1,2,3,1,2,2,1,2
64,2,4,1,1,3,1,2,2,1,2
65,1,4,2,1,2,1,2,2,1,2
66,2,4,1,1,3,1,2,2,1,2
67,5,1,3,1,2,1,2,2,1,1
68,2,4,1,1,3,1,2,2,1,2
69,0,5,2,1,3,1,1,2,1,1
70,0,5,2,1,3,1,1,2,1,1
71,1,3,2,1,3,1,1,2,1,1
72,5,4,3,1,2,1,1,1,1,2
73,2,0,2,1,2,1,2,2,1,2
74,2,2,0,2,2,3,2,2,1,2
75,2,2,1,1,3,1,2,2,1,2
76,2,4,1,1,2,1,2,2,1,1
77,1,0,2,1,2,1,2,2,1,2
78,2,4,2,1,1,1,2,2,1,2
79,5,4,3,1,3,1,2,2,1,2
80,2,2,1,1,3,1,2,2,1,2
81,5,3,3,1,2,1,1,2,1,2
82,0,5,2,1,2,1,1,2,1,1
83,5,4,3,1,3,1,1,1,1,2
84,1,4,2,1,1,1,2,2,1,2
85,2,2,0,2,2,3,2,2,1,2
86,2,0,1,1,2,1,2,2,1,2
87,1,4,2,2,2,1,2,2,1,1
88,1,4,2,1,2,1,2,2,1,2
89,1,4,2,1,2,1,2,2,1,2
90,1,4,2,2,3,1,2,2,1,2
91,2,2,1,1,3,1,2,2,1,2
92,5,3,3,1,2,1,1,2,1,2
93,5,4,3,1,3,1,1,1,1,2
94,1,4,2,1,2,1,1,2,1,2
95,1,2,2,1,2,3,2,2,1,2
96,1,4,2,1,1,3,2,2,1,2
97,1,4,2,1,1,1,2,2,1,2
98,1,2,1,1,3,1,2,2,1,2
99,3,0,0,1,3,1,2,2,1,2
100,5,3,3,1,2,1,1,2,1,2
101,5,4,3,1,2,1,1,1,1,2
102,5,3,3,1,2,1,1,2,1,2
103,5,4,3,2,2,1,1,2,1,2
104,0,5,2,1,3,1,1,2,1,2
105,1,4,1,1,2,1,2,2,1,2
106,5,4,3,1,1,1,2,2,1,2
107,2,2,0,1,3,3,2,2,1,2
108,2,0,1,2,2,3,2,2,1,2
109,5,4,3,1,2,1,1,2,1,2
110,0,5,2,1,2,1,1,2,1,1
111,1,4,1,2,3,3,1,2,1,1
112,1,4,2,1,1,1,1,2,1,2
113,5,2,3,2,2,3,2,2,1,2
114,2,2,1,1,3,1,2,2,1,2
115,5,0,3,1,3,1,1,2,1,2
116,1,3,2,1,1,1,1,2,1,2
117,1,3,2,1,3,1,1,2,1,2
118,0,5,2,1,3,1,1,2,1,1
119,0,5,2,1,3,1,1,2,1,1
120,5,2,3,1,3,1,2,2,1,2
121,1,2,1,1,3,1,2,2,1,2
122,5,4,3,1,2,1,1,2,1,2
123,0,5,2,1,3,1,1,2,1,1
124,1,3,1,2,3,3,1,2,1,2
125,5,3,3,1,2,3,1,2,1,2
126,0,5,2,1,3,1,1,2,1,1
127,2,3,2,1,3,1,1,2,1,2
128,5,2,3,1,2,1,2,2,1,2
129,2,2,1,1,2,1,2,2,1,2
130,5,1,3,1,3,1,1,2,1,2
131,0,5,1,1,3,1,1,2,1,1
132,0,5,2,1,3,1,1,2,1,1
133,0,5,1,1,3,1,1,2,1,1
134,2,3,2,2,2,1,1,2,1,2
135,5,0,3,1,3,1,2,2,1,2
136,1,2,2,1,2,1,2,2,1,2
137,5,4,3,1,2,1,1,2,1,2
138,0,5,2,1,2,1,1,2,1,1
139,0,5,2,1,2,1,1,2,1,1
140,1,3,2,1,3,1,1,2,1,1
141,0,5,1,1,3,1,1,2,1,1
142,1,0,2,1,3,1,2,2,1,2
143,1,2,1,1,2,1,2,2,1,2
144,5,4,3,1,2,1,1,2,1,2
145,2,4,1,1,3,1,1,2,1,1
146,0,5,2,1,2,1,1,2,1,1
147,0,5,2,2,2,1,1,2,1,1
148,5,4,3,1,2,1,1,1,1,2
149,5,0,3,1,3,1,1,2,1,2
150,1,2,1,1,3,1,2,2,1,2
151,0,5,2,1,3,1,1,2,1,2
152,5,4,3,1,3,1,1,1,1,2
153,1,4,2,1,3,1,1,2,1,2
154,1,0,1,1,3,1,1,2,1,2
155,5,4,3,1,3,1,1,1,1,2
156,2,4,2,1,3,1,1,2,1,2
157,1,4,2,1,2,3,2,2,1,2
158,0,5,2,1,2,1,1,2,1,1
159,5,4,3,1,2,1,1,1,1,2
160,1,4,2,1,3,1,1,2,1,2
161,1,4,2,1,3,1,1,2,1,2
162,5,0,3,1,3,1,1,1,1,2
163,0,5,2,2,1,1,1,2,1,1
164,5,3,3,1,2,1,1,1,1,2
165,1,4,2,2,2,1,2,2,1,2
166,5,4,3,1,3,1,1,1,1,2
167,5,4,3,2,2,3,1,2,1,2
168,1,4,2,1,2,1,1,2,1,2
169,1,0,1,1,3,1,1,2,1,2
170,3,4,1,1,3,1,1,2,1,2
171,0,5,2,1,2,1,1,2,1,1
172,2,4,2,1,2,1,1,2,1,2
173,1,4,2,1,1,1,2,2,1,2
174,1,4,2,1,2,1,1,2,1,2
175,5,4,3,1,1,1,1,2,1,2
176,1,4,2,1,2,1,1,2,1,2
177,1,4,1,2,2,1,1,2,1,2
178,2,4,2,1,2,1,2,2,1,2
179,2,4,2,1,3,1,1,2,1,2
180,0,5,2,1,3,1,1,2,1,2
181,1,0,2,1,3,1,1,2,1,2
182,1,4,2,1,3,1,1,2,1,2
183,1,3,1,1,3,1,1,2,1,2
184,0,5,2,1,2,3,2,2,1,2
185,0,5,1,2,3,1,1,2,1,2
186,2,1,2,1,2,1,1,2,1,2
187,5,4,3,1,1,1,1,2,1,2
188,5,3,3,1,2,1,1,2,1,2
189,5,0,3,1,2,1,1,2,1,2
190,1,3,1,1,2,1,1,2,1,2
191,1,3,2,2,1,1,1,2,1,2
192,2,2,2,1,3,1,1,2,1,2
193,2,3,2,1,2,1,1,2,1,2
194,5,4,3,1,2,1,1,2,1,2
195,0,5,2,1,2,1,1,2,1,1
196,0,5,1,1,3,1,1,2,1,2
197,0,5,2,1,3,1,1,2,1,1
198,1,4,2,1,3,1,1,2,1,2
199,2,0,1,1,3,1,1,2,1,2
200,0,5,2,1,3,1,1,2,1,2
201,0,5,2,1,2,1,1,2,1,2
202,0,5,1,1,3,1,1,2,1,1
203,0,5,1,1,3,1,1,2,1,1
204,2,0,1,1,3,1,1,2,1,2
205,1,1,1,2,3,1,1,2,1,2
206,2,2,2,1,3,1,2,2,1,2
207,0,5,2,1,3,1,1,2,1,2
208,1,2,1,1,3,1,1,2,1,1
209,1,0,2,1,2,1,1,2,1,2
210,2,0,1,1,2,1,1,2,1,2
211,0,5,2,1,3,1,1,2,1,2
212,0,5,1,1,3,1,1,2,1,2
213,0,5,2,1,3,1,1,2,1,2
214,0,5,1,1,2,1,2,2,1,2
215,0,5,1,1,3,1,1,2,1,1
216,1,0,1,1,3,1,2,2,1,2
217,1,1,1,2,2,3,1,2,1,2
218,4,2,1,1,2,1,2,2,1,2
219,1,3,2,1,2,3,1,2,1,2
220,3,0,2,1,2,1,1,2,1,2
221,1,4,2,1,1,1,1,2,1,2
222,2,0,1,1,3,1,2,2,1,2
223,0,5,2,2,3,1,1,2,1,2
224,1,3,2,1,3,1,1,2,1,2
225,2,4,1,1,2,1,2,2,1,2
226,5,0,3,1,3,1,1,1,1,2
227,0,5,2,1,2,1,1,2,1,1
228,1,0,2,1,3,1,2,2,1,2
229,2,1,1,1,3,1,1,2,1,2
230,4,0,1,2,3,1,2,2,1,2
231,3,2,2,1,3,1,1,2,1,2
232,5,4,3,1,3,1,1,2,1,2
233,2,2,0,1,3,1,2,2,1,2
234,0,5,2,1,3,1,1,2,1,1
235,0,5,2,2,2,3,1,2,1,1
236,2,0,1,1,3,1,1,2,1,2
237,1,0,1,1,3,1,2,2,1,2
238,5,3,3,1,2,1,1,1,1,2
239,1,3,2,1,1,1,2,2,1,1
240,2,1,1,2,3,3,2,2,1,2
241,3,2,1,2,2,3,2,2,1,2
242,3,2,1,1,3,1,1,2,1,2
243,1,4,2,1,2,1,1,2,1,2
244,2,2,0,1,3,1,2,2,1,2
245,0,5,2,1,3,1,1,2,1,1
246,0,5,2,2,2,3,1,2,1,1
247,2,4,2,1,3,1,2,2,1,2
248,5,3,3,1,3,1,1,2,1,2
249,5,0,3,1,3,1,2,2,1,2
250,5,3,3,1,2,1,1,1,1,2
251,5,4,3,1,3,1,1,2,1,2
252,1,3,1,1,3,1,1,2,1,2
253,1,1,1,1,2,1,2,2,1,2
254,4,0,1,1,3,1,2,2,1,2
255,3,2,1,2,3,1,2,2,1,2
256,5,4,3,1,2,1,1,2,1,2
257,2,2,0,1,3,1,2,2,1,2
258,2,4,1,1,3,1,2,2,1,2
259,5,0,3,1,3,1,2,2,1,2
260,5,3,3,1,2,1,1,1,1,1
261,5,4,3,1,2,1,1,2,1,2
262,0,5,2,1,3,1,1,2,1,2
263,1,1,2,1,2,1,2,2,1,2
264,4,0,1,2,3,3,2,2,1,2
265,3,2,0,1,3,1,2,2,1,2
266,1,4,2,1,3,1,1,2,1,2
267,2,2,0,2,3,1,2,2,2,2
268,1,4,2,1,2,1,2,2,1,2
269,1,3,2,1,2,1,2,2,1,1
270,0,5,2,1,3,1,1,2,1,1
271,5,3,3,1,3,1,1,2,1,2
272,3,0,1,1,3,1,1,2,1,2
273,0,5,2,1,2,1,1,2,1,1
274,5,4,3,2,3,1,2,2,1,2
275,3,0,1,2,2,3,2,2,1,2
276,3,2,1,1,2,1,2,2,1,2
277,5,4,3,1,3,1,1,2,1,2
278,2,2,0,2,3,3,2,2,2,2
279,1,4,1,1,2,1,2,2,1,1
280,0,5,2,1,3,1,1,2,1,1
281,3,0,1,1,3,1,2,2,1,2
282,0,5,2,1,3,1,1,2,1,1
283,5,2,3,1,2,1,2,2,1,2
284,4,2,1,1,3,3,2,2,2,2
285,3,0,1,2,2,3,2,2,1,2
286,5,1,3,1,3,1,1,2,1,2
287,2,2,0,2,2,1,2,2,2,2
288,1,0,2,1,3,1,2,2,1,2
289,3,2,1,1,3,1,1,2,1,2
290,5,4,3,1,2,1,2,2,1,2
291,4,4,2,1,2,1,2,2,1,2
292,3,0,1,2,2,1,2,2,1,2
293,5,4,3,1,2,1,1,2,1,2
294,2,2,0,2,2,3,2,2,2,2
295,5,4,3,1,1,1,2,2,1,2
296,3,4,1,1,3,1,1,2,1,2
297,5,4,3,1,2,1,2,2,1,2
298,4,4,2,1,2,1,2,2,1,2
299,3,4,2,2,2,3,2,2,1,2
300,5,4,3,1,2,1,1,2,1,2
301,2,2,0,2,2,1,2,2,2,2
302,5,4,3,1,2,1,2,2,1,2
303,1,4,2,1,2,1,2,2,1,2
304,0,5,2,1,3,1,1,2,1,1
305,0,5,2,1,3,1,1,2,1,1
306,5,4,3,1,3,1,1,1,1,2
307,5,4,3,1,2,1,2,2,1,2
308,3,0,2,2,3,1,2,2,1,2
309,5,4,3,1,3,1,1,2,1,2
310,2,2,0,2,2,3,2,2,2,2
311,5,4,3,1,3,1,2,2,1,2
312,1,0,2,1,2,1,2,2,1,2
313,2,0,2,1,3,1,1,2,1,2
314,2,4,2,1,3,1,1,2,1,2
315,1,4,2,1,1,3,2,2,1,2
316,5,4,3,1,2,1,1,2,1,2
317,2,2,0,2,3,3,2,2,2,2
318,1,3,2,1,2,1,2,2,1,2
319,2,3,2,1,3,1,1,2,1,2
320,3,0,2,1,3,1,1,2,1,2
321,1,3,2,1,3,1,1,2,1,1
322,3,2,0,1,3,1,1,2,2,2
323,5,0,3,1,3,1,1,1,1,1
324,2,3,2,1,3,1,1,2,1,1
325,1,4,2,1,3,1,1,2,1,1
326,5,3,3,1,2,1,1,1,1,1
327,5,4,3,1,1,1,1,2,1,1
328,1,0,2,1,2,1,1,2,1,1
329,0,5,2,1,3,1,1,2,1,1
330,1,0,2,1,3,1,1,2,1,1
331,1,0,2,1,2,1,1,2,1,1
332,0,5,2,1,3,1,1,2,1,1
333,1,0,2,1,2,1,1,2,1,1
334,0,5,2,1,3,1,1,2,1,1
335,0,5,1,1,2,1,1,2,1,1
336,1,4,2,2,2,1,1,2,1,1
337,0,5,2,1,3,1,1,2,1,1
338,0,5,2,1,2,1,1,2,1,1
339,2,3,1,1,3,1,1,2,1,1
340,5,4,3,1,3,1,1,2,1,1
341,0,5,2,1,2,1,1,2,1,1
342,0,5,2,1,2,1,2,2,1,1
343,5,4,3,1,2,1,1,2,1,1
344,0,5,2,1,3,1,1,2,1,1
345,0,5,2,2,2,1,2,2,1,1
346,1,3,2,1,3,1,1,2,1,1
347,0,5,2,1,2,1,2,2,1,1
348,0,5,2,1,3,1,1,2,1,1
349,2,0,1,2,3,1,1,2,1,1
350,0,5,2,1,3,1,1,2,1,1
351,2,3,2,1,3,1,1,2,1,1
352,0,5,2,1,3,1,1,2,1,1
353,0,5,2,1,1,1,2,2,1,1
354,0,5,2,1,1,1,1,2,1,1
355,1,3,1,2,1,1,2,2,1,1
356,0,5,2,1,3,1,1,2,1,1
357,2,3,1,1,3,1,2,2,1,1
358,0,5,2,1,2,1,1,2,1,1
359,1,3,2,1,3,1,1,2,1,1
360,3,0,0,1,3,1,1,2,1,1
361,5,0,3,1,2,1,1,1,1,1
362,0,5,2,1,2,1,2,2,1,1
363,0,5,2,1,3,1,1,2,1,1
364,0,5,2,1,2,1,1,2,1,1
365,2,2,1,2,3,1,2,2,1,1
366,3,0,1,2,2,1,1,2,1,1
367,2,0,1,1,3,1,2,2,1,1
368,0,5,2,1,3,1,1,2,1,1
369,5,3,3,1,2,1,1,2,1,1
370,1,3,2,1,2,1,1,2,1,1
371,2,0,2,2,3,3,2,2,1,1
372,3,4,2,2,3,1,2,2,1,1
373,1,3,2,1,3,1,1,2,1,1
374,3,4,1,2,3,1,2,2,1,1
375,1,3,2,1,3,1,1,2,1,1
376,2,0,1,2,3,1,2,2,1,1
377,3,0,1,2,3,1,2,2,1,1
378,5,4,3,1,3,1,1,1,1,1
379,2,0,2,1,3,1,1,2,1,1
380,2,3,2,1,3,1,1,2,1,1
381,2,4,2,1,3,1,2,2,1,1
382,0,5,2,1,2,1,1,2,1,1
383,2,0,1,2,2,1,2,2,1,1
384,3,0,1,2,3,3,2,2,1,1
385,5,4,3,1,1,1,1,1,1,1
386,2,4,1,2,3,1,1,2,1,1
387,2,4,2,2,3,2,1,2,1,1
388,2,3,2,1,3,1,1,2,1,1
389,2,4,2,1,3,1,2,2,1,1
390,2,4,2,1,3,1,1,2,1,1
391,2,4,2,1,2,1,2,2,1,1
392,3,2,0,2,3,3,2,2,2,1
393,5,3,3,1,3,1,1,1,1,1
394,2,0,2,1,2,1,2,2,1,1
395,1,4,1,1,3,1,1,2,1,1
396,1,4,2,1,2,1,1,2,1,1
397,0,5,2,1,3,1,1,2,1,1
398,0,5,2,1,3,1,1,2,1,1
399,2,4,2,1,2,1,2,2,1,1
400,2,0,1,1,3,1,1,2,1,1
401,2,4,2,1,2,1,2,2,1,1
402,4,2,0,2,3,1,2,2,2,1
403,2,0,1,1,3,1,2,2,1,1
404,1,3,2,1,2,1,1,2,1,1
405,1,3,2,1,3,1,1,2,1,1
406,0,5,2,1,3,1,1,2,1,1
407,2,4,2,1,2,1,2,2,1,1
408,5,0,3,1,2,1,2,2,1,1
409,2,0,2,1,3,1,2,2,1,1
410,4,2,0,2,2,1,2,2,1,1
411,2,4,1,2,2,1,2,2,1,1
412,0,5,2,1,2,1,1,2,1,1
413,1,3,2,1,3,1,1,2,1,1
414,0,5,2,1,3,1,1,2,1,1
415,0,5,2,1,3,1,1,2,1,1
416,2,4,2,1,2,1,1,2,1,1
417,5,3,3,1,2,1,2,2,1,1
418,5,0,3,1,2,1,2,2,1,1
419,1,4,2,1,2,1,2,2,1,1
420,4,0,1,1,2,1,2,2,2,1
421,2,4,2,1,2,1,2,2,1,1
422,1,3,2,1,2,1,1,2,1,1
423,2,0,0,2,3,1,1,2,1,1
424,0,5,2,1,1,1,1,2,1,1
425,3,0,1,2,3,1,1,2,1,1
426,5,0,3,1,2,1,2,2,1,1
427,1,4,2,1,3,1,2,2,1,1
428,4,0,0,2,3,1,2,2,2,1
429,2,4,2,1,2,1,2,2,1,1
430,2,0,1,2,3,1,2,2,1,1
431,0,5,2,1,3,1,1,2,1,1
432,3,0,1,2,3,1,2,2,1,1
433,2,4,2,2,3,1,2,2,1,1
434,4,0,1,2,2,1,2,2,1,1
435,5,4,3,1,1,1,2,2,1,1
436,2,0,1,2,2,1,2,2,1,1
437,0,5,2,1,2,1,1,2,1,1
438,3,4,1,2,2,1,2,2,1,1
439,5,4,3,1,2,1,1,1,1,1
440,4,0,0,2,2,1,2,2,1,1
441,5,4,3,1,2,1,2,2,1,1
442,3,0,2,1,2,1,2,2,1,1
443,3,0,1,1,2,1,2,2,1,1
444,0,5,2,1,3,1,1,2,1,1
445,1,4,2,1,3,1,1,2,1,1
446,5,4,3,1,2,1,2,2,1,1
447,4,0,1,2,2,1,2,2,1,1
448,3,0,2,1,2,1,2,2,1,1
449,3,4,1,1,2,1,2,2,1,1
450,3,0,2,1,3,1,1,2,1,1
451,5,4,3,1,2,1,1,1,1,1
452,3,4,2,1,1,1,2,2,1,1
453,3,4,1,2,3,1,2,2,1,1
454,1,4,2,2,2,1,1,2,1,1
455,3,4,2,1,2,1,1,2,1,1
456,3,0,1,1,2,1,2,2,1,1
457,5,4,3,1,2,1,1,2,1,1
458,3,0,2,1,3,1,1,2,1,1
459,5,1,3,1,2,1,1,1,1,1
460,0,5,2,1,3,1,1,2,1,1
461,1,3,2,1,3,1,1,2,1,1
462,3,4,1,1,2,1,2,2,1,1
463,1,4,2,2,3,1,1,2,1,1
464,3,4,2,1,3,1,1,2,1,1
465,5,1,3,1,3,1,1,1,1,1
466,0,5,2,1,3,1,1,2,1,1
467,5,4,3,1,2,1,1,1,1,1
468,0,5,2,1,3,1,1,2,1,1
469,1,3,2,1,2,1,1,2,1,1
470,2,3,2,1,2,1,1,2,1,1
471,3,4,2,1,2,1,2,2,1,1
472,1,4,2,2,2,1,1,2,1,1
473,3,4,2,1,3,1,1,2,1,1
474,1,1,2,1,3,1,1,2,1,1
475,0,5,2,1,1,1,1,2,1,1
476,5,4,3,1,2,1,1,1,1,1
477,0,5,2,1,3,1,1,2,1,1
478,3,3,0,2,3,1,1,2,1,1
479,2,3,1,1,3,1,1,2,1,1
480,5,4,3,1,1,1,2,2,1,1
481,1,4,2,1,2,1,1,2,1,1
482,3,4,2,1,2,1,1,2,1,1
483,1,2,2,1,2,1,1,2,1,1
484,5,4,3,2,2,1,1,1,1,1
485,0,5,2,1,2,1,1,2,1,1
486,3,2,0,1,3,1,2,2,1,1
487,3,0,1,1,3,1,2,2,1,1
488,1,3,2,1,3,1,1,2,1,1
489,5,3,3,1,1,1,2,2,1,1
490,5,4,3,1,2,1,1,2,1,1
491,3,4,2,1,2,1,1,2,1,1
492,1,4,2,1,3,1,1,2,1,1
493,5,4,3,1,2,1,1,1,1,1
494,3,2,0,1,3,1,2,2,2,1
495,3,3,2,1,3,1,2,2,2,1
496,5,4,3,1,3,1,1,1,1,1
497,5,4,3,1,1,1,1,2,1,1
498,2,4,2,2,2,1,1,2,1,1
499,1,4,2,2,1,1,1,2,1,1
500,5,4,3,1,1,1,1,1,1,1
501,0,5,2,1,3,1,1,2,1,1
502,3,0,0,2,1,3,2,2,1,1
503,3,0,2,1,1,1,2,2,1,1
504,5,3,3,1,3,1,1,2,1,1
505,5,4,3,1,2,1,1,1,1,1
506,5,4,3,1,2,1,1,1,1,1
507,5,4,3,1,3,1,1,2,1,1
508,5,4,3,1,3,1,1,2,1,1
509,5,1,3,1,3,1,1,2,1,1
510,5,4,3,1,3,1,1,1,1,1
511,4,2,0,2,3,3,2,2,2,1
512,3,0,2,2,2,1,2,2,1,1
513,2,4,2,1,3,1,1,2,1,1
514,5,4,3,1,3,1,1,1,1,1
515,1,4,2,1,3,1,1,2,1,1
516,5,4,3,1,2,1,1,2,1,1
517,5,4,3,1,2,1,1,2,1,1
518,1,1,2,1,3,1,1,2,1,1
519,0,5,2,1,1,1,1,2,1,1
520,4,2,0,2,3,1,2,2,2,1
521,3,0,2,2,2,1,2,2,1,1
522,2,4,1,1,3,1,1,2,1,1
523,5,4,3,1,3,1,1,1,1,1
524,1,3,1,1,3,1,1,2,1,1
525,2,0,2,1,3,1,1,2,1,1
526,5,4,3,1,2,1,1,2,1,1
527,1,4,2,2,3,1,1,2,1,1
528,1,4,2,1,2,1,1,2,1,1
529,4,2,1,2,2,1,2,2,2,1
530,3,3,2,2,2,1,2,2,1,1
531,1,3,1,1,3,1,1,2,1,1
532,2,3,2,1,3,1,1,2,1,1
533,2,0,1,1,3,1,1,2,1,1
534,2,4,2,1,3,1,1,2,1,1
535,1,4,2,1,3,1,1,2,1,1
536,5,4,3,1,1,1,1,2,1,1
537,5,4,3,2,2,1,1,2,1,1
538,4,0,1,1,2,1,2,2,1,1
539,1,3,1,1,3,1,1,2,1,1
540,2,4,2,1,3,1,1,2,1,1
541,1,4,1,2,2,1,2,2,1,1
542,2,0,2,2,3,1,1,2,1,1
543,1,4,2,1,2,1,1,2,1,1
544,5,4,3,1,2,1,1,2,1,1
545,5,4,3,1,3,1,1,2,1,1
546,4,0,1,2,2,1,2,2,1,1
547,2,3,1,2,2,1,1,2,1,1
548,2,0,1,1,3,1,1,2,1,1
549,2,0,2,2,2,3,2,2,1,1
550,2,0,2,1,2,1,1,2,1,1
551,2,3,2,1,3,1,1,2,1,1
552,5,4,3,1,2,1,1,2,1,1
553,5,4,3,1,2,1,1,2,1,1
554,4,2,1,2,3,1,2,2,2,1
555,2,0,1,1,2,1,2,2,1,1
556,2,0,1,1,3,1,2,2,1,1
557,0,5,1,1,2,1,2,2,1,1
558,2,0,2,1,3,1,1,2,1,1
559,2,0,2,2,3,1,1,2,1,1
560,1,3,2,1,3,1,1,2,1,1
561,0,5,2,1,3,1,1,2,1,1
562,0,5,2,1,2,1,1,2,1,1
563,5,4,3,1,3,1,1,2,1,1
564,5,4,3,1,2,1,1,2,1,1
565,4,2,1,2,2,3,2,2,1,1
566,2,3,0,1,3,1,2,2,1,1
567,2,0,1,1,2,1,2,2,1,1
568,5,4,3,1,1,1,2,2,1,1
569,2,0,2,1,2,1,1,2,1,1
570,2,0,2,2,3,1,1,2,1,1
571,2,3,2,1,2,1,1,2,1,1
572,0,5,2,1,2,1,1,2,1,1
573,1,3,2,1,2,1,1,2,1,1
574,0,5,1,1,3,1,1,2,1,1
575,5,3,3,1,2,1,1,1,1,1
576,5,4,3,1,2,1,1,1,1,1
577,4,4,2,1,1,1,2,2,1,1
578,2,3,1,2,2,1,2,2,1,1
579,1,3,2,1,2,1,2,2,1,1
580,5,0,3,2,3,2,2,2,1,1
581,5,0,3,1,2,1,1,2,1,1
582,2,0,1,1,2,1,1,2,1,1
583,5,4,3,1,1,1,1,2,1,1
584,2,3,2,1,3,1,1,2,1,1
585,2,3,2,1,3,1,1,2,1,1
586,1,3,2,1,3,1,1,2,1,1
587,5,4,3,1,2,1,2,1,1,1
588,1,3,2,1,3,1,1,2,1,1
589,2,3,2,1,3,1,1,2,1,1
590,1,3,2,1,1,1,2,2,1,1
591,5,4,3,1,2,1,2,2,1,1
592,5,0,3,1,3,1,1,2,1,1
593,2,4,1,1,2,1,2,2,1,1
594,0,5,2,1,3,1,1,2,1,1
595,0,5,1,1,3,1,1,2,1,1
596,2,4,1,1,3,1,1,2,1,1
597,5,3,3,1,3,1,1,2,1,1
598,5,0,3,1,2,1,2,1,1,1
599,5,3,3,1,2,1,1,2,1,1
600,0,5,2,1,3,1,1,2,1,1
601,0,5,2,1,3,1,1,2,1,1
602,0,5,2,1,3,1,1,2,1,1
603,1,4,2,1,2,1,2,2,1,1
604,0,5,2,2,1,1,2,2,1,1
605,5,3,3,1,2,1,2,2,1,1
606,2,3,2,1,1,1,1,2,1,1
607,2,4,2,1,2,1,2,2,1,1
608,0,5,2,1,2,1,1,2,1,1
609,1,3,2,1,1,1,1,2,1,1
610,1,3,2,1,2,1,2,2,1,1
611,1,3,2,1,3,1,1,2,1,1
612,1,0,2,1,3,1,2,2,1,1
613,5,4,3,1,3,1,1,2,1,1
614,1,3,2,1,3,1,1,2,1,1
615,5,3,3,1,1,1,1,2,1,1
616,1,3,1,1,3,1,1,2,1,1
617,2,0,2,1,3,1,2,2,1,1
618,0,5,2,1,3,1,1,2,1,1
619,5,3,3,1,3,1,1,2,1,1
620,1,4,2,2,2,3,2,2,1,1
621,5,3,3,1,3,1,1,2,1,1
622,1,3,2,1,2,1,2,2,1,1
623,1,3,2,1,2,1,1,2,1,1
624,5,0,3,1,2,1,2,2,1,1
625,1,3,2,1,3,1,1,2,1,1
626,0,5,2,1,3,1,1,2,1,1
627,2,3,1,1,3,1,1,2,1,1
628,5,0,3,1,2,1,2,2,1,1
629,1,3,2,1,3,1,1,2,1,1
630,5,4,3,1,3,1,2,2,1,1
631,0,5,2,1,2,1,1,2,1,1
632,5,4,3,1,2,1,1,2,1,1
633,1,4,2,1,2,1,2,2,1,1
634,1,3,2,1,1,1,1,2,1,1
635,5,3,3,1,3,1,1,2,1,1
636,3,0,1,2,3,1,2,2,1,1
637,2,3,1,1,2,1,2,2,1,1
638,1,3,2,1,2,1,1,2,1,1
639,0,5,2,1,3,1,1,2,1,1
640,1,4,2,1,2,1,1,2,1,1
641,5,4,3,2,2,1,2,2,1,1
642,0,5,2,1,3,1,1,2,1,1
643,1,4,2,1,3,1,2,2,1,1
644,2,0,1,1,3,1,1,2,1,1
645,3,0,1,2,2,1,2,2,1,1
646,2,3,1,2,3,2,2,2,1,1
647,1,4,2,1,3,1,1,2,1,1
648,5,4,3,1,2,1,2,2,1,1
649,1,0,2,1,2,1,2,2,1,1
650,1,3,2,1,2,1,2,2,1,1
651,1,0,1,1,2,1,2,2,1,1
652,0,5,2,1,2,1,2,2,1,1
653,2,0,1,2,3,1,1,2,1,1
654,1,3,2,1,3,1,1,2,1,1
655,0,5,2,1,3,1,1,2,1,1
656,5,4,3,1,2,1,2,2,1,1
657,1,0,2,1,3,1,2,2,1,1
658,2,3,1,1,2,1,2,2,1,1
659,1,3,2,1,2,1,2,2,1,1
660,0,5,1,1,3,1,2,2,1,1
661,2,0,1,2,3,3,2,2,1,1
662,2,3,2,1,3,1,1,2,1,1
663,0,5,2,1,3,1,1,2,1,1
664,2,3,2,1,3,1,1,2,1,1
665,5,0,3,1,2,1,2,2,1,1
666,0,5,2,1,1,1,2,2,1,1
667,1,0,2,1,2,1,2,2,1,1
668,2,0,1,1,2,1,2,2,1,1
669,1,3,2,1,1,1,1,2,1,1
670,1,3,2,1,1,1,1,2,1,1
671,5,0,3,1,2,1,2,2,1,1
672,1,3,2,1,2,1,2,2,1,1
673,2,4,2,2,3,1,2,2,1,1
674,0,5,2,2,3,1,1,2,1,1
675,1,4,2,1,3,1,1,2,1,1
676,0,5,2,1,3,1,1,2,1,1
677,0,5,2,1,3,1,1,2,1,1
678,5,4,3,1,2,1,2,2,1,1
679,2,0,1,2,2,1,2,2,1,1
680,5,3,3,1,2,1,1,2,1,1
681,2,3,2,1,2,1,1,2,1,1
682,5,3,3,1,2,1,1,2,1,1
683,5,4,3,1,2,1,1,1,1,1
684,5,4,3,1,3,1,2,2,1,1
685,2,2,1,2,3,2,2,2,1,1
686,0,5,2,1,2,1,1,2,1,1
687,0,5,1,1,2,1,1,2,1,1
688,0,5,2,1,2,1,1,2,1,1
689,5,4,3,1,2,1,1,1,1,1
690,0,5,2,1,3,1,1,2,1,1
691,5,4,3,1,2,1,1,1,1,1
692,2,2,1,1,3,1,2,2,1,1
693,0,5,2,1,1,1,1,2,1,1
694,0,5,2,1,3,1,1,2,1,1
695,5,4,3,1,2,1,1,1,1,1
696,1,4,2,2,3,3,1,2,1,1
697,0,5,2,1,3,1,1,2,1,1
698,2,3,2,1,2,1,1,2,1,1
699,2,2,1,2,3,1,2,2,1,1
700,0,5,2,1,3,1,1,2,1,1
701,5,4,3,1,2,1,1,1,1,1
702,1,4,2,1,3,1,1,2,1,1
703,0,5,2,1,3,1,1,2,1,1
704,2,3,2,1,3,1,1,2,1,1
705,1,3,2,1,3,1,1,2,1,1
706,2,3,2,1,3,1,1,2,1,1
707,2,2,1,2,2,1,2,2,1,1
708,2,0,1,1,3,1,1,2,1,1
709,5,4,3,1,2,1,1,1,1,1
710,1,4,2,2,2,2,1,2,1,1
711,2,3,2,1,2,1,1,2,1,1
712,0,5,2,1,2,1,1,2,1,1
713,0,5,2,1,2,1,1,2,1,1
714,0,5,2,1,3,1,1,2,1,1
715,0,5,2,1,3,1,1,2,1,1
716,2,4,2,1,2,1,1,2,1,1
717,2,0,1,2,2,3,2,2,1,1
718,2,4,2,1,3,1,1,2,1,1
719,2,0,1,1,2,1,2,2,1,1
720,1,4,2,1,3,1,1,2,1,1
721,5,3,3,1,3,1,1,2,1,1
722,1,3,2,1,3,1,1,2,1,1
723,0,5,2,1,2,1,1,2,1,1
724,0,5,2,1,3,1,1,2,1,1
725,2,0,1,1,3,1,1,2,1,1
726,5,4,3,1,2,1,1,1,1,1
727,1,3,2,1,3,1,1,2,1,1
728,5,0,3,1,1,1,2,2,1,1
729,5,4,3,1,1,1,1,2,1,1
730,2,0,1,1,3,1,2,2,1,1
731,5,4,3,1,1,1,1,2,1,1
732,1,4,2,1,2,1,1,2,1,1
733,2,3,2,1,2,1,1,2,1,1
734,2,4,1,2,3,1,1,2,1,1
735,2,0,0,2,3,1,2,2,1,1
736,5,4,3,1,3,1,1,1,1,1
737,2,3,2,1,2,1,1,2,1,1
738,1,0,2,1,3,1,1,2,1,1
739,2,3,2,1,3,1,1,2,1,1
740,5,4,3,1,3,1,1,2,1,1
741,5,4,3,1,2,1,1,1,1,1
742,0,5,2,1,2,1,1,2,1,1
743,3,0,1,1,3,1,2,2,1,1
744,2,4,2,1,3,1,1,2,1,1
745,5,4,3,1,3,1,1,2,1,1
746,5,3,3,1,1,1,1,2,1,1
747,2,0,2,1,1,1,2,2,1,1
748,2,0,1,1,2,1,2,2,1,1
749,5,4,3,1,2,1,1,1,1,1
750,1,3,2,2,2,1,1,2,1,1
751,1,3,2,1,3,1,1,2,1,1
752,2,4,1,1,3,1,1,2,1,1
753,5,3,3,1,2,1,1,1,1,1
754,5,3,3,1,2,1,1,2,1,1
755,3,0,0,1,3,1,2,2,1,1
756,2,0,2,1,3,1,1,2,1,1
757,1,4,2,1,3,1,1,2,1,1
758,5,4,3,2,2,1,1,2,1,1
759,2,3,2,1,3,1,2,2,1,1
760,1,4,2,1,2,1,2,2,1,1
761,5,1,3,1,2,1,1,1,1,1
762,1,3,2,1,3,1,1,2,1,1
763,2,4,1,1,3,1,2,2,1,1
764,1,3,2,1,3,1,1,2,1,1
765,5,3,3,1,3,1,1,2,1,1
766,5,4,3,1,2,1,2,1,1,1
767,5,4,3,1,2,1,1,1,1,1
768,2,0,2,1,1,1,2,2,1,1
769,2,4,1,1,3,1,1,2,1,1
770,5,4,3,1,3,1,1,2,1,1
771,1,3,1,1,3,1,2,2,1,1
772,2,3,1,1,3,1,2,2,1,1
773,5,0,3,1,2,1,1,1,1,1
774,0,5,2,1,2,1,1,2,1,1
775,3,0,1,2,3,1,2,2,1,1
776,2,3,2,1,3,1,1,2,1,1
777,5,1,3,1,3,1,2,1,1,1
778,2,0,1,1,2,1,1,2,1,1
779,2,3,2,1,3,1,1,2,1,1
780,0,5,2,1,3,1,1,2,1,1
781,2,4,1,1,3,1,2,2,1,1
782,5,4,3,1,2,1,1,2,1,1
783,2,0,1,1,3,1,2,2,1,1
784,1,3,2,1,3,1,1,2,1,1
785,2,3,2,1,2,1,2,2,1,1
786,5,4,3,1,3,1,1,1,1,1
787,2,3,2,1,3,1,1,2,1,1
788,3,0,1,2,2,1,2,2,1,1
789,2,0,1,2,3,3,1,2,1,1
790,0,5,2,1,2,1,1,2,1,1
791,5,0,3,1,3,1,2,1,1,1
792,2,0,1,1,3,1,2,2,1,1
793,1,3,2,1,2,1,1,2,1,1
794,2,4,2,1,1,1,2,2,1,1
795,5,4,3,1,2,1,1,2,1,1
796,2,3,2,1,1,1,2,2,1,1
797,1,3,2,1,2,1,1,2,1,1
798,0,5,2,1,2,1,2,2,1,1
799,5,4,3,1,3,1,1,1,1,1
800,1,3,2,1,2,1,1,2,1,1
801,3,0,2,2,2,1,2,2,1,1
802,3,0,1,1,3,1,2,2,1,1
803,5,0,3,1,3,1,2,1,1,1
804,2,0,1,2,3,1,2,2,1,1
805,1,3,2,1,3,1,1,2,1,1
806,2,4,2,1,2,1,2,2,1,1
807,5,4,3,1,2,1,1,2,1,1
808,2,3,2,1,3,1,2,2,1,1
809,5,4,3,1,2,1,1,1,1,1
810,1,0,2,1,1,1,1,2,1,1
811,3,0,1,1,2,1,2,2,1,1
812,3,0,0,2,2,1,2,2,1,1
813,5,0,3,1,2,1,2,1,1,1
814,2,0,0,2,2,3,2,2,1,1
815,3,4,1,1,2,1,2,2,1,1
816,5,3,3,1,2,1,1,1,1,1
817,5,4,3,1,3,1,1,2,1,1
818,2,0,1,1,3,1,2,2,1,1
819,5,4,3,1,3,1,1,1,1,1
820,3,0,2,2,3,1,2,2,1,1
821,3,0,2,1,2,1,2,2,1,1
822,1,0,2,1,2,1,2,2,1,1
823,2,0,0,1,2,1,2,2,1,1
824,3,4,1,1,3,1,2,2,1,1
825,5,3,3,1,3,1,1,1,1,1
826,2,3,1,1,3,1,1,2,1,1
827,5,4,3,1,3,1,1,1,1,1
828,5,4,3,1,3,1,2,1,1,1
829,2,4,1,1,3,1,2,2,1,1
830,5,4,3,1,2,1,1,1,1,1
831,5,0,3,1,2,1,2,2,1,1
832,4,0,1,1,2,1,2,2,1,1
833,1,0,2,1,3,1,2,2,1,1
834,1,0,1,1,2,1,2,2,1,1
835,3,0,1,1,3,1,2,2,1,1
836,5,4,3,1,2,1,1,1,1,1
837,2,3,1,2,3,1,2,2,1,1
838,5,4,3,1,2,1,2,1,1,1
839,0,5,2,1,3,1,1,2,1,1
840,2,4,2,1,1,3,2,2,1,1
841,5,4,3,1,2,1,1,1,1,1
842,4,0,1,2,2,1,2,2,1,1
843,1,3,2,1,2,1,2,2,1,1
844,3,0,1,2,3,3,2,2,1,1
845,5,4,3,1,3,1,1,1,1,1
846,1,0,1,1,2,1,2,2,1,1
847,5,4,3,1,2,1,2,1,1,1
848,2,3,1,1,3,1,1,2,1,1
849,1,3,2,1,3,1,1,2,1,1
850,5,4,3,1,2,1,1,1,1,1
851,4,0,1,2,2,1,2,2,1,1
852,1,3,2,1,2,1,2,2,1,1
853,5,4,3,1,3,1,2,2,1,1
854,3,0,1,1,3,1,2,2,1,1
855,5,4,3,2,2,1,1,1,1,1
856,1,0,1,2,3,1,2,2,1,1
857,5,4,3,1,2,1,2,1,1,1
858,2,3,1,1,3,1,2,2,1,1
859,1,3,2,1,3,1,1,2,1,1
860,5,4,3,1,2,1,1,1,1,1
861,4,0,1,1,1,1,2,2,1,1
862,5,3,3,1,1,1,2,2,1,1
863,5,4,3,2,3,1,2,2,1,1
864,3,4,1,2,2,1,2,2,1,1
865,5,4,3,1,3,1,1,1,1,1
866,2,3,1,1,2,1,2,2,1,1
867,5,3,3,1,2,1,2,1,1,1
868,2,0,2,1,2,1,2,2,1,1
869,5,3,3,1,1,1,1,2,1,1
870,0,5,2,1,2,1,1,2,1,1
871,5,4,3,1,2,1,2,1,1,1
872,5,4,3,1,2,1,2,2,1,1
873,3,4,1,2,2,1,2,2,1,1
874,1,4,2,2,2,1,1,2,1,1
875,1,3,2,1,1,1,2,2,1,1
876,5,4,3,1,2,1,2,1,1,1
877,0,5,2,1,3,1,1,2,1,1
878,5,4,3,1,3,1,1,1,1,1
879,5,4,3,1,2,1,2,2,1,1
880,2,0,1,2,2,1,2,2,1,1
881,5,4,3,1,2,1,1,2,1,1
882,0,5,2,1,2,1,2,2,1,1
883,5,4,3,1,2,1,2,1,1,1
884,1,3,2,1,3,1,1,2,1,1
885,2,4,2,2,3,1,2,2,1,1
886,2,1,2,1,3,1,1,2,1,1
887,2,3,2,1,3,1,1,2,1,1
888,1,4,2,1,2,1,1,2,1,1
889,5,4,3,1,2,1,2,2,1,1
890,2,0,1,1,2,1,2,2,1,1
891,5,4,3,1,2,1,1,2,1,1
892,5,3,3,1,2,1,2,1,1,1
893,1,4,2,1,3,1,2,2,1,1
894,1,4,1,1,3,1,1,2,1,1
895,5,3,3,1,2,1,1,2,1,1
896,1,4,2,1,3,1,1,2,1,1
897,5,4,3,1,2,1,2,2,1,1
898,2,0,2,1,3,1,2,2,1,1
899,5,4,3,1,2,1,1,2,1,1
900,5,3,3,1,3,1,2,1,1,1
901,0,5,2,1,3,1,1,2,1,1
902,1,4,2,1,2,1,2,2,1,1
903,1,4,2,1,2,1,1,2,1,1
904,1,3,2,1,3,1,1,2,1,1
905,1,4,2,1,1,1,1,2,1,1
906,0,5,2,1,3,1,1,2,1,1
907,1,4,2,1,2,1,1,2,1,1
908,2,0,1,1,3,1,2,2,1,1
909,5,4,3,1,2,1,1,2,1,1
910,5,4,3,1,3,1,2,1,1,1
911,1,4,2,1,3,1,1,2,1,1
912,1,4,2,1,3,1,2,2,1,1
913,5,4,3,1,3,1,1,2,1,1
914,1,3,2,1,2,1,1,2,1,1
915,2,4,2,1,3,1,1,2,1,1
916,5,4,3,2,3,1,1,2,1,1
917,5,4,3,1,3,1,1,2,1,1
918,2,0,2,1,2,1,2,2,1,1
919,5,4,3,1,2,1,1,2,1,1
920,5,4,3,1,2,1,2,1,1,1
921,2,4,1,1,3,1,1,2,1,1
922,2,0,1,2,2,1,2,2,1,1
923,4,4,2,2,2,1,1,2,1,1
924,5,3,3,1,2,1,1,2,1,1
925,1,3,1,1,2,1,1,2,1,1
926,5,4,3,1,2,1,1,2,1,1
927,5,4,3,1,2,1,1,2,1,1
928,2,0,2,1,3,1,2,2,1,1
929,2,0,1,2,2,1,2,2,1,1
930,2,4,2,2,2,3,2,2,1,1
931,4,1,2,1,2,1,1,2,1,1
932,1,3,2,1,3,1,1,2,1,1
933,2,3,1,1,3,1,1,2,1,1
934,1,4,2,1,2,1,1,2,1,1
935,5,3,3,1,2,1,1,2,1,1
936,5,3,3,1,3,1,1,1,1,1
937,2,4,2,1,3,1,1,2,1,1
938,2,4,1,1,1,1,2,2,1,1
939,1,3,1,1,2,1,2,2,1,1
940,1,4,2,1,3,1,1,2,1,1
941,0,5,1,2,2,1,2,2,1,1
942,5,4,3,1,3,1,1,2,1,1
943,0,5,2,1,3,1,1,2,1,1
944,1,4,1,1,3,1,1,2,1,1
945,5,3,3,2,1,1,2,2,1,1
946,1,4,2,1,2,1,2,2,1,1
947,5,4,3,1,2,1,1,2,1,1
948,0,5,1,1,2,1,2,2,1,1
949,1,4,2,1,2,1,1,2,1,1
950,0,5,2,1,3,1,1,2,1,1
951,2,0,2,1,3,1,1,2,1,1
952,1,4,2,1,2,1,1,2,1,1
953,0,5,2,1,3,1,1,2,1,1
954,1,4,2,2,2,1,2,2,1,1
955,1,4,1,1,3,1,1,2,1,1
956,1,3,2,1,2,1,2,2,1,1
957,1,4,2,1,3,1,1,2,1,1
958,2,0,1,1,2,1,1,2,1,1
959,3,0,1,1,3,1,1,2,1,1
960,5,3,3,1,3,1,1,2,1,1
961,1,3,2,1,3,1,1,2,1,1
962,5,4,3,1,1,1,2,2,1,1
963,2,4,2,1,2,1,1,2,1,1
964,1,4,2,2,3,1,2,2,1,1
965,1,4,2,1,3,1,1,2,1,1
966,2,0,2,1,2,1,2,2,1,1
967,4,4,1,1,3,1,2,2,1,1
968,2,0,1,1,2,1,1,2,1,1
969,1,3,2,1,3,1,1,2,1,1
970,2,0,1,1,3,1,1,2,1,1
971,3,4,2,1,3,1,1,2,1,1
972,5,4,3,1,2,1,2,2,1,1
973,1,4,2,1,2,1,1,2,1,1
974,5,4,3,1,1,1,1,2,1,1
975,1,4,2,1,3,1,2,2,1,1
976,4,4,1,1,3,1,2,2,1,1
977,2,3,2,1,2,1,2,2,1,1
978,2,0,1,2,3,1,2,2,1,1
979,2,3,0,2,3,1,1,2,1,1
980,5,2,3,1,3,1,1,1,1,1
981,1,3,2,1,2,1,1,2,1,1
982,5,4,3,1,2,1,1,2,1,1
983,5,0,3,1,1,1,2,2,1,1
984,4,4,1,2,2,1,2,2,1,1
985,0,5,2,1,2,1,2,2,1,1
986,2,4,1,1,2,1,2,2,1,1
987,3,1,0,2,3,1,2,2,1,1
988,0,5,2,1,2,1,1,2,1,1
989,1,1,2,1,3,1,2,2,1,1
990,0,5,2,1,3,1,1,2,1,1
991,5,3,3,1,2,1,1,2,1,1
992,5,3,3,1,3,1,2,2,1,1
993,4,3,1,1,2,1,2,2,1,1
994,5,4,3,1,1,1,2,2,1,1
995,2,0,1,1,3,1,2,2,1,1
996,3,2,1,2,3,1,2,2,2,1
997,4,1,2,1,2,1,2,2,1,1
998,0,5,2,1,3,1,1,2,1,1
999,5,3,3,1,2,1,1,2,1,1
1000,0,5,2,1,2,1,2,2,1,1
1001,2,0,1,1,2,1,2,2,1,1
1002,4,2,1,1,2,1,2,2,1,1
1003,3,1,2,2,2,1,2,2,1,1
1004,0,5,1,1,3,1,1,2,1,1
1005,5,4,3,1,2,1,2,1,1,1
1006,5,3,3,1,2,1,1,2,1,1
1007,0,5,2,1,1,1,2,2,1,1
1008,2,4,1,2,2,1,2,2,1,1
1009,3,2,1,2,2,1,2,2,1,1
1010,4,1,2,1,3,1,2,2,1,1
1011,1,3,2,1,3,1,1,2,1,1
1012,1,4,2,1,3,1,2,2,1,1
1013,5,3,3,1,1,1,2,2,1,1
1014,0,5,1,1,1,1,2,2,1,1
1015,4,2,1,1,2,1,2,2,1,1
1016,2,1,1,2,3,1,2,2,1,1
1017,1,3,2,1,2,1,1,2,1,1
1018,5,4,3,1,3,1,2,2,1,1
1019,5,3,3,1,2,1,1,2,1,1
1020,0,5,2,1,3,1,1,2,1,1
1021,5,4,3,1,3,1,1,1,1,1
1022,5,3,3,1,3,1,2,2,1,1
1023,4,0,1,2,3,1,2,2,2,1
1024,3,1,1,1,3,1,2,2,1,1
1025,5,4,3,1,2,1,2,2,1,1
1026,5,3,3,1,2,1,1,2,1,1
1027,5,4,3,1,3,1,1,1,1,1
1028,5,3,3,1,3,1,2,2,1,1
1029,4,0,1,2,3,1,2,2,1,1
1030,3,1,1,1,3,1,2,2,1,1
1031,5,4,3,1,3,1,2,2,1,1
1032,5,3,3,1,3,1,1,2,1,1
1033,5,4,3,1,3,1,1,1,1,1
1034,0,5,2,1,3,1,1,2,1,1
1035,4,0,1,2,2,3,2,2,1,1
1036,3,1,2,2,2,2,2,2,1,1
1037,5,4,3,1,2,1,2,2,1,1
1038,5,3,3,1,2,1,1,2,1,1
1039,1,4,1,1,3,1,1,2,1,1
1040,4,0,1,1,2,1,2,2,1,1
1041,3,1,2,2,2,1,2,2,1,1
1042,5,4,3,1,3,1,2,2,1,1
1043,5,3,3,1,3,1,1,2,1,1
1044,2,4,1,1,3,1,1,2,1,1
1045,4,0,1,1,2,1,2,2,1,1
1046,3,0,2,1,2,1,2,2,1,1
1047,5,4,3,1,3,1,2,2,1,1
1048,2,4,1,1,3,1,2,2,1,1
1049,1,3,2,1,2,1,1,2,1,1
1050,0,5,2,1,3,1,1,2,1,1
1051,4,0,1,2,2,1,2,2,1,1
1052,5,4,3,1,3,1,2,2,1,1
1053,2,0,2,1,3,1,2,2,1,1
1054,0,5,2,1,3,1,1,2,1,1
1055,0,5,2,1,2,1,1,2,1,1
1056,0,5,2,1,2,1,1,2,1,1
1057,0,5,1,1,3,1,1,2,1,1
1058,3,4,2,1,1,1,2,2,1,1
1059,2,0,1,1,3,1,2,2,1,1
1060,5,3,3,1,3,1,1,2,1,1
1061,1,3,2,1,3,1,1,2,1,1
1062,0,5,2,1,3,1,1,2,1,1
1063,5,4,3,1,2,1,2,1,1,1
1064,5,3,3,2,2,1,2,2,1,1
1065,1,4,2,1,3,1,1,2,1,1
1066,2,0,1,1,3,1,2,2,1,1
1067,5,3,3,1,2,1,1,2,1,1
1068,0,5,2,1,2,1,1,2,1,1
1069,1,3,2,1,2,1,1,2,1,1
1070,5,4,3,1,2,1,2,1,1,1
1071,0,5,1,1,3,1,1,2,1,1
1072,5,4,3,1,2,1,1,1,1,1
1073,5,0,3,1,2,1,1,2,1,1
1074,1,0,2,1,2,1,2,2,1,1
1075,0,5,2,1,3,1,1,2,1,1
1076,0,5,1,1,3,1,1,2,1,1
1077,0,5,2,1,3,1,1,2,1,1
1078,5,4,3,1,3,1,2,1,1,1
1079,1,3,2,1,3,1,1,2,1,1
1080,1,4,2,1,3,1,1,2,1,1
1081,5,0,3,1,3,1,1,2,1,1
1082,3,0,2,1,3,1,2,2,1,1
1083,0,5,2,1,3,1,1,2,1,1
1084,5,4,3,1,2,1,2,1,1,1
1085,1,3,2,1,2,1,1,2,1,1
1086,5,4,3,1,3,1,1,2,1,1
1087,1,0,2,1,2,1,2,2,1,1
1088,1,3,2,1,3,1,1,2,1,1
1089,5,4,3,1,2,1,2,1,1,1
1090,5,3,3,1,1,1,1,2,1,1
1091,5,4,3,1,1,1,1,2,1,1
1092,1,4,1,1,3,1,1,2,1,1
1093,5,0,3,1,3,1,2,1,1,1
1094,0,5,1,1,2,1,1,2,1,1
1095,5,4,3,1,2,1,1,2,1,1
1096,0,5,2,2,2,1,2,2,1,1
1097,1,4,2,1,2,1,1,2,1,1
1098,1,0,2,1,3,1,2,2,1,1
1099,0,5,2,2,2,1,1,2,1,1
1100,5,4,3,1,2,1,1,2,1,1
1101,5,3,3,1,2,1,1,2,1,1
1102,1,3,2,1,3,1,1,2,1,1
1103,0,5,2,1,3,1,1,2,1,1
1104,1,4,2,2,2,1,1,2,1,1
1105,5,0,3,1,2,1,2,2,1,1
1106,0,5,2,1,1,1,1,2,1,1
1107,5,4,3,1,2,1,1,2,1,1
1108,0,5,2,1,3,1,1,2,1,1
1109,5,3,3,1,2,1,1,2,1,1
1110,1,3,2,1,2,1,1,2,1,1
1111,5,0,3,1,2,1,2,2,1,1
1112,5,1,3,1,3,1,1,2,1,1
1113,0,5,2,1,1,1,1,2,1,1
1114,5,3,3,1,1,1,1,2,1,1
1115,5,4,3,1,2,1,1,2,1,1
1116,1,3,2,1,3,1,1,2,1,1
1117,5,0,3,1,3,1,2,2,1,1
1118,5,1,3,1,2,1,1,2,1,1
1119,0,5,2,1,3,1,1,2,1,1
1120,5,4,3,1,2,1,1,2,1,1
1121,1,3,2,1,2,1,1,2,1,1
1122,0,5,2,1,1,1,2,2,1,1
1123,5,4,3,1,2,1,1,2,1,1
1124,1,4,2,2,2,1,1,2,1,1
1125,0,5,2,1,3,1,1,2,1,1
1126,1,4,2,1,2,1,1,2,1,1
1127,0,5,2,1,2,1,2,2,1,1
1128,5,4,3,1,3,1,1,2,1,1
1129,1,4,2,2,3,1,1,2,1,1
1130,0,5,2,2,3,1,1,2,1,1
1131,1,4,2,1,3,1,1,2,1,1
1132,0,5,2,1,2,1,1,2,1,1
1133,5,4,3,1,3,1,1,1,1,1
1134,5,0,3,1,3,1,1,1,1,1
1135,5,0,3,1,3,1,1,1,1,1
1136,5,0,3,1,2,1,1,1,1,1
1137,5,0,3,1,2,1,1,1,1,1
1138,5,4,3,1,3,1,1,2,1,1
1139,2,0,1,1,3,1,2,2,1,1
1140,5,4,3,1,2,1,1,2,1,1
1141,2,3,2,1,2,1,1,2,1,1
1142,2,0,1,1,3,1,1,2,1,1
1143,1,0,2,1,3,1,1,2,1,1
1144,5,4,3,1,2,1,1,1,1,1
1145,5,4,3,1,2,1,1,1,1,1
1146,1,4,2,1,3,1,1,2,1,1
1147,0,5,2,1,3,1,1,2,1,1
1148,5,4,3,1,2,1,1,1,1,1
1149,5,4,3,1,3,1,1,2,1,1
1150,2,0,1,1,3,1,2,2,1,1
1151,5,4,3,1,2,1,1,2,1,1
1152,2,3,2,1,3,1,1,2,1,1
1153,2,0,1,1,3,1,2,2,1,1
1154,1,0,2,1,3,1,1,2,1,1
1155,5,4,3,1,2,1,1,1,1,1
1156,5,4,3,1,2,1,1,1,1,1
1157,5,4,3,1,2,1,1,2,1,1
1158,5,4,3,1,3,1,1,1,1,1
1159,2,1,2,1,3,1,2,2,1,1
1160,5,4,3,1,2,1,1,2,1,1
1161,1,3,2,2,2,1,1,2,1,1
1162,2,4,2,2,2,2,2,2,1,1
1163,1,3,2,1,2,1,1,2,1,1
1164,5,4,3,1,3,1,1,1,1,1
1165,5,4,3,1,3,1,1,1,1,1
1166,1,4,2,1,3,1,1,2,1,1
1167,4,0,1,1,3,1,1,2,1,1
1168,3,4,2,1,2,1,2,2,1,1
1169,5,4,3,1,2,1,1,2,1,1
1170,2,3,2,1,2,1,1,2,1,1
1171,1,4,2,2,2,3,2,2,1,1
1172,5,4,3,1,1,1,1,2,1,1
1173,2,4,2,1,1,1,1,2,1,1
1174,1,4,2,1,3,1,1,2,1,1
1175,2,0,1,2,3,1,1,2,1,1
1176,1,0,2,1,3,1,2,2,1,1
1177,5,4,3,1,2,1,2,1,1,1
1178,5,4,3,1,2,1,1,2,1,1
1179,1,3,2,1,2,1,1,2,1,1
1180,5,4,3,1,1,2,2,2,1,1
1181,1,4,2,1,3,1,1,2,1,1
1182,1,4,2,1,3,1,1,2,1,1
1183,2,2,1,2,3,1,2,2,1,1
1184,3,0,1,1,3,1,2,2,1,1
1185,5,4,3,1,2,1,2,1,1,1
1186,1,3,2,1,3,1,1,2,1,1
1187,5,4,3,1,3,1,1,2,1,1
1188,1,3,2,1,2,1,1,2,1,1
1189,5,4,3,1,3,1,2,2,1,1
1190,1,4,2,1,2,1,1,2,1,1
1191,1,4,2,1,2,1,1,2,1,1
1192,2,2,1,2,3,1,2,2,1,1
1193,3,0,1,1,2,1,2,2,1,1
1194,5,4,3,1,3,1,2,1,1,1
1195,1,3,2,1,3,1,1,2,1,1
1196,0,5,2,1,3,1,1,2,1,1
1197,0,5,2,1,2,1,1,2,1,1
1198,5,4,3,1,2,1,1,2,1,1
1199,5,3,3,1,1,1,1,2,1,1
1200,5,4,3,1,2,1,2,2,1,1
1201,5,4,3,1,1,1,1,2,1,1
1202,5,4,3,1,2,1,1,2,1,1
1203,2,0,1,2,2,1,2,2,1,1
1204,2,4,1,2,3,1,2,2,1,1
1205,5,4,3,1,2,1,2,1,1,1
1206,1,3,2,1,2,1,1,2,1,1
1207,2,3,2,1,3,1,1,2,1,1
1208,2,4,2,1,3,1,1,2,1,1
1209,5,4,3,1,2,1,2,2,1,1
1210,5,4,3,1,2,1,1,2,1,1
1211,5,4,3,1,1,1,1,2,1,1
1212,2,4,2,1,2,1,2,2,1,1
1213,2,4,2,1,2,1,2,2,1,1
1214,5,4,3,1,2,1,2,1,1,1
1215,2,4,2,1,3,1,1,2,1,1
1216,3,4,2,2,3,3,1,2,1,1
1217,0,5,2,1,3,1,1,2,1,1
1218,5,4,3,1,3,1,2,2,1,1
1219,5,4,3,1,2,1,1,2,1,1
1220,5,4,3,1,2,1,1,2,1,1
1221,2,2,1,2,2,1,2,2,1,1
1222,1,4,2,1,2,1,2,2,1,1
1223,5,4,3,1,3,1,2,1,1,1
1224,0,5,2,1,3,1,1,2,1,1
1225,2,0,1,1,3,1,1,2,1,1
1226,1,4,2,2,2,2,1,2,1,1
1227,2,3,2,1,3,1,1,2,1,1
1228,5,4,3,1,2,1,2,2,1,1
1229,5,4,3,1,2,1,1,2,1,1
1230,5,4,3,1,3,1,1,2,1,1
1231,2,2,1,2,2,1,2,2,1,1
1232,1,4,2,1,2,1,2,2,1,1
1233,5,4,3,1,3,1,2,1,1,1
1234,0,5,2,1,1,1,1,2,1,1
1235,2,0,1,1,3,1,2,2,1,1
1236,1,4,2,1,2,1,1,2,1,1
1237,2,3,2,1,3,1,1,2,1,1
1238,5,4,3,1,2,1,2,2,1,1
1239,5,4,3,1,2,1,1,2,1,1
1240,3,0,2,1,2,1,2,2,1,1
1241,1,4,2,1,1,1,2,2,1,1
1242,5,4,3,1,3,1,2,1,1,1
1243,5,3,3,1,2,1,1,2,1,1
1244,3,0,0,2,2,1,2,2,1,1
1245,2,0,1,1,3,1,1,2,1,1
1246,2,0,1,1,3,1,1,2,1,1
1247,3,4,1,1,3,1,1,2,1,1
1248,2,4,1,1,3,1,1,2,1,1
1249,5,4,3,1,2,1,1,2,1,1
1250,1,0,2,2,2,3,2,2,1,1
1251,1,4,2,1,3,1,2,2,1,1
1252,5,4,3,1,2,1,2,1,1,1
1253,5,3,3,1,3,1,1,2,1,1
1254,3,0,1,1,2,1,2,2,1,1
1255,2,2,1,1,3,1,2,2,1,1
1256,2,0,2,1,3,1,2,2,1,1
1257,3,2,1,1,3,1,2,2,2,1
1258,2,2,1,1,3,1,2,2,1,1
1259,5,3,3,1,3,1,1,2,1,1
1260,5,4,3,1,3,1,1,1,1,1
1261,1,0,2,1,2,1,2,2,1,1
1262,1,4,2,1,2,1,2,2,1,1
1263,5,4,3,1,3,1,2,1,1,1
1264,2,2,1,2,2,1,2,2,1,1
1265,0,5,2,1,2,1,2,2,1,1
1266,3,2,1,1,2,1,2,2,1,1
1267,2,2,1,1,3,1,2,2,1,1
1268,5,3,3,1,3,1,1,2,1,1
1269,5,4,3,1,3,1,1,1,1,1
1270,5,4,3,1,1,1,2,2,1,1
1271,5,4,3,1,3,1,2,1,1,1
1272,2,0,1,1,2,1,2,2,1,1
1273,4,2,0,1,2,1,2,2,2,1
1274,3,2,0,2,3,1,2,2,2,1
1275,2,0,1,1,3,1,1,2,1,1
1276,1,3,2,1,3,1,1,2,1,1
1277,5,3,3,1,2,1,1,2,1,1
1278,0,5,2,1,3,1,1,2,1,1
1279,5,4,3,1,2,1,2,1,1,1
1280,2,0,1,1,2,1,2,2,1,1
1281,3,2,0,2,2,3,2,2,2,1
1282,4,2,0,1,3,1,2,2,2,1
1283,2,2,0,2,3,1,2,2,2,1
1284,1,4,1,1,2,1,1,2,1,1
1285,5,4,3,1,3,1,1,2,1,1
1286,2,0,1,1,3,1,1,2,1,1
1287,2,4,2,1,3,1,1,2,1,1
1288,5,4,3,1,2,1,1,1,1,1
1289,0,5,2,1,3,1,1,2,1,1
1290,5,4,3,1,2,1,2,1,1,1
1291,2,4,2,1,1,1,2,2,1,1
1292,3,2,0,2,3,3,2,2,2,1
1293,4,2,1,1,2,1,2,2,2,1
1294,3,2,0,2,3,3,2,2,2,1
1295,1,3,1,1,2,1,1,2,1,1
1296,0,4,2,1,3,1,1,2,1,1
1297,2,0,2,1,3,1,2,2,1,1
1298,1,3,2,1,3,1,1,2,1,1
1299,5,4,3,1,3,1,1,1,1,1
1300,1,3,2,1,2,1,1,2,1,1
1301,5,4,3,1,2,1,2,1,1,1
1302,5,4,3,2,2,1,2,2,1,1
1303,3,2,0,2,2,3,2,2,2,1
1304,3,2,1,1,3,1,2,2,2,1
1305,3,2,0,2,2,3,2,2,2,1
1306,0,4,2,1,2,1,1,2,1,1
1307,3,0,1,1,3,1,2,2,1,1
1308,2,3,1,1,3,1,1,2,1,1
1309,5,4,3,1,2,1,1,1,1,1
1310,1,3,2,1,3,1,1,2,1,1
1311,5,4,3,1,3,1,2,2,1,1
1312,3,2,0,2,2,2,2,2,2,1
1313,3,0,1,1,2,1,2,2,1,1
1314,5,4,3,1,2,1,1,2,1,1
1315,3,0,2,2,2,1,2,2,1,1
1316,2,3,1,1,3,1,2,2,1,1
1317,5,4,3,1,2,1,1,1,1,1
1318,5,3,3,1,3,1,1,2,1,1
1319,2,4,2,1,3,1,1,2,1,1
1320,5,3,3,1,2,1,1,1,1,1
1321,3,2,0,2,2,2,2,2,2,1
1322,4,4,1,2,2,1,2,2,1,1
1323,2,4,1,1,3,1,1,2,1,1
1324,5,4,3,1,3,1,1,2,1,1
1325,2,4,2,1,3,1,2,2,1,1
1326,2,0,1,1,2,1,2,2,1,1
1327,5,0,3,1,3,1,1,1,1,1
1328,2,4,2,1,2,1,1,2,1,1
1329,5,4,3,1,2,1,1,1,1,1
1330,1,4,2,1,3,1,1,2,1,1
1331,5,4,3,1,2,1,2,1,1,1
1332,3,2,0,2,3,1,2,2,2,1
1333,4,0,1,2,2,1,2,2,1,1
1334,1,4,2,1,2,1,2,2,1,1
1335,2,0,1,1,2,1,2,2,1,1
1336,5,0,3,1,2,1,1,1,1,1
1337,0,5,2,1,3,1,1,2,1,1
1338,5,4,3,1,3,1,1,1,1,1
1339,2,0,2,1,3,1,1,2,1,1
1340,2,1,2,1,3,1,2,2,1,1
1341,2,4,2,1,3,1,1,2,1,1
1342,3,2,0,2,2,1,2,2,1,1
1343,4,0,1,1,2,1,2,2,1,1
1344,1,4,2,1,2,1,2,2,1,1
1345,2,0,1,1,1,1,2,2,1,1
1346,5,0,3,1,2,1,1,1,1,1
1347,5,4,3,1,2,1,1,1,1,1
1348,2,0,2,1,2,1,1,2,1,1
1349,2,1,2,1,3,1,2,2,1,1
1350,2,4,2,1,3,1,1,2,1,1
1351,5,4,3,1,1,1,2,2,1,1
1352,4,4,1,1,3,1,2,2,1,1
1353,5,4,3,1,3,1,1,1,1,1
1354,0,5,1,1,2,1,1,2,1,1
1355,2,1,2,1,2,1,2,2,1,1
1356,2,3,2,1,3,1,1,2,1,1
1357,2,0,1,2,3,2,1,2,1,1
1358,5,4,3,1,2,1,1,1,1,1
1359,1,3,2,1,3,1,1,2,1,1
1360,1,3,2,1,2,1,1,2,1,1
1361,2,1,2,1,2,1,2,2,1,1
1362,1,4,2,1,2,1,1,2,1,1
1363,3,0,1,1,2,1,2,2,1,1
1364,5,4,3,1,2,1,1,1,1,1
1365,1,4,2,1,3,1,1,2,1,1
1366,5,4,3,1,2,1,1,2,1,1
1367,2,4,2,1,3,1,2,2,1,1
1368,0,5,2,1,1,1,1,2,1,1
1369,3,0,2,1,2,1,2,2,1,1
1370,5,4,3,1,3,1,1,1,1,1
1371,5,4,3,1,3,1,1,1,1,1
1372,5,4,3,1,2,1,1,2,1,1
1373,5,4,3,1,2,1,1,2,1,1
1374,2,1,2,1,3,1,2,2,1,1
1375,3,0,1,2,2,1,2,2,1,1
1376,2,4,2,1,3,1,1,2,1,1
1377,5,4,3,1,1,1,1,1,1,1
1378,5,4,3,1,2,1,1,2,1,1
1379,5,4,3,1,2,1,1,2,1,1
1380,2,4,2,1,2,1,2,2,1,1
1381,5,4,3,1,2,2,2,2,1,1
1382,5,4,3,2,2,1,1,2,1,1
1383,2,3,2,1,3,1,1,2,1,1
1384,5,4,3,1,2,1,1,1,1,1
1385,5,4,3,2,2,1,1,2,1,1
1386,1,4,2,1,2,1,2,2,1,1
1387,5,3,3,1,2,1,1,2,1,1
1388,0,5,2,1,1,1,1,2,1,1
