,Class1,Class2,Class3,Class4,Class5,Class6,Class7,Class8,Class9,Class10,Class11,Class12,Class13,Class14
0,0,0,0,0,0,0,1,1,0,0,0,1,1,0
1,0,0,1,1,0,0,0,0,0,0,0,0,0,0
2,0,1,1,0,0,0,0,0,0,0,0,1,1,0
3,0,0,1,1,0,0,0,0,0,0,0,0,0,0
4,0,0,1,1,1,1,0,0,0,0,0,0,0,0
5,0,0,0,0,0,0,0,0,0,1,1,1,1,0
6,1,0,0,0,0,0,0,0,0,0,0,1,1,0
7,1,0,1,1,0,0,0,0,0,0,0,1,1,0
8,1,1,0,0,0,0,0,0,0,0,0,1,1,0
9,0,0,1,1,0,0,0,0,0,0,0,1,1,0
10,0,0,0,0,1,1,1,1,0,0,0,0,0,0
11,0,0,0,0,0,0,0,0,0,1,1,1,1,0
12,0,1,1,0,0,0,0,0,0,0,0,0,0,0
13,0,0,0,1,1,0,0,0,0,0,0,1,1,0
14,0,0,0,0,0,0,0,1,1,0,0,0,0,0
15,1,0,1,1,0,0,0,0,0,1,1,1,1,0
16,0,0,0,0,1,1,0,0,0,0,0,1,1,0
17,1,1,0,0,0,0,0,0,0,0,0,1,1,0
18,0,0,0,1,1,0,0,0,0,0,0,1,1,0
19,0,0,1,1,0,0,0,0,0,0,0,1,1,0
20,0,0,1,1,0,0,0,0,0,0,0,1,1,0
21,1,1,0,0,0,0,0,0,0,0,0,1,1,0
22,0,0,0,0,1,1,1,1,0,0,0,0,0,0
23,0,0,0,0,1,1,1,1,0,0,1,1,1,0
24,0,1,1,0,1,1,0,0,0,0,0,1,1,0
25,0,1,1,0,0,0,0,0,1,1,0,1,1,0
26,1,1,0,0,0,1,1,1,0,0,0,1,1,0
27,0,0,0,0,1,1,1,1,0,0,0,1,1,0
28,1,1,0,0,1,1,0,0,0,0,0,0,0,0
29,1,0,0,0,0,1,1,0,0,0,0,0,0,0
30,0,0,0,1,1,0,0,0,0,0,0,1,1,0
31,0,0,0,0,0,0,0,1,1,0,0,0,0,0
32,1,1,1,1,0,0,0,0,0,0,0,1,1,0
33,1,1,0,0,0,0,0,0,0,0,0,0,0,0
34,0,1,1,0,1,1,0,0,0,1,1,1,1,0
35,0,0,1,1,0,0,0,0,0,0,0,1,1,0
36,0,1,1,0,0,0,1,1,0,0,0,1,1,0
37,1,1,0,0,0,0,0,0,0,0,0,0,0,0
38,0,0,0,0,0,1,1,0,0,0,1,1,0,0
39,1,1,0,0,1,1,0,0,0,0,0,1,1,0
40,1,1,1,0,0,0,0,0,0,0,0,1,1,0
41,1,1,0,0,0,1,1,1,0,0,0,1,1,0
42,1,1,1,0,0,0,0,0,0,0,0,1,1,0
43,0,0,0,1,1,0,0,0,0,0,0,1,1,0
44,0,0,1,1,1,1,0,0,0,0,0,1,1,0
45,0,0,0,0,1,1,0,1,1,0,0,0,0,0
46,0,0,0,0,1,1,0,0,0,0,0,0,0,0
47,0,0,0,0,1,1,1,1,1,0,0,1,1,0
48,0,1,1,1,0,0,0,0,0,1,1,1,1,0
49,1,1,0,0,0,0,0,0,0,0,0,1,1,0
50,0,0,1,1,0,0,0,1,1,0,0,0,0,0
51,0,0,0,0,1,1,1,1,0,0,0,1,1,0
52,1,1,0,0,0,0,0,0,0,0,0,0,0,0
53,0,0,1,1,0,0,0,0,0,0,0,1,1,0
54,0,0,0,0,0,1,1,1,0,1,1,1,1,0
55,0,0,1,1,0,0,0,0,0,0,0,0,0,0
56,1,0,0,0,0,1,1,1,0,0,0,1,1,0
57,0,1,1,0,0,0,0,0,0,0,0,1,1,0
58,0,1,1,0,0,0,0,0,1,1,0,1,1,0
59,0,0,0,1,1,0,0,0,0,0,0,1,1,0
60,0,1,1,0,0,0,1,1,0,0,0,1,1,0
61,0,1,1,0,0,0,0,1,1,1,1,0,0,0
62,0,0,0,0,0,0,0,0,0,1,1,1,1,0
63,0,0,0,0,1,1,1,0,0,0,0,1,1,0
64,1,1,0,0,1,1,0,0,0,0,0,1,1,0
65,1,1,0,0,0,0,0,1,1,0,0,0,0,0
66,0,0,0,0,0,1,1,1,0,0,1,1,1,0
67,1,1,0,0,0,0,0,0,0,0,0,1,1,0
68,1,1,0,0,1,1,0,0,0,0,0,1,1,0
69,0,1,1,0,0,0,0,0,0,0,0,1,1,0
70,0,0,1,1,0,0,0,0,0,1,1,1,1,0
71,0,0,1,1,0,0,1,1,0,0,0,1,1,0
72,1,1,0,0,0,0,0,0,0,0,0,0,0,0
73,0,0,0,1,1,0,0,0,0,0,0,1,1,0
74,0,1,1,1,0,0,0,0,0,0,0,1,1,0
75,1,1,0,0,0,0,0,0,0,0,0,1,1,0
76,0,1,1,0,0,0,0,0,0,1,1,0,0,0
77,0,0,0,0,1,1,0,0,0,0,0,1,1,0
78,0,0,1,1,0,0,0,0,0,0,0,1,1,0
79,1,1,0,0,0,0,0,0,0,0,0,1,1,0
80,0,0,0,1,1,0,0,0,0,0,0,1,1,0
81,0,0,0,0,1,1,0,0,0,0,0,1,1,0
82,1,1,0,0,0,0,0,0,0,0,0,0,0,0
83,0,1,1,0,0,0,0,0,0,0,0,1,1,0
84,0,0,0,0,0,0,0,1,1,0,0,1,1,0
85,0,1,1,0,0,0,0,0,0,0,0,0,0,0
86,0,0,0,1,1,0,0,0,0,0,0,0,0,0
87,0,0,0,1,1,0,0,0,0,0,0,1,1,0
88,0,0,1,1,0,0,0,0,0,0,0,1,1,0
89,0,0,0,0,0,1,1,0,0,0,1,1,0,0
90,0,0,1,1,0,0,0,0,0,1,1,1,1,0
91,0,1,1,0,1,1,0,0,0,0,0,1,1,0
92,0,0,1,1,0,0,1,1,0,0,0,1,1,0
93,0,0,0,0,1,1,0,0,0,0,0,0,0,0
94,0,0,1,1,0,0,0,0,0,0,0,1,1,0
95,0,0,0,1,1,0,0,0,0,0,0,1,1,0
96,0,0,0,0,1,1,0,0,0,0,0,1,1,0
97,0,1,1,0,1,1,0,1,1,0,0,1,1,0
98,1,0,1,1,0,0,0,0,0,0,0,1,1,0
99,0,0,0,1,1,0,0,0,0,0,0,1,1,0
100,0,0,0,0,0,1,1,1,0,1,1,1,1,0
101,0,0,1,1,0,0,0,0,0,0,0,0,0,0
102,0,1,1,0,0,0,0,0,0,0,0,1,1,0
103,1,1,0,0,0,1,1,1,0,0,0,1,1,0
104,0,0,0,0,1,1,0,0,0,0,0,0,0,0
105,0,0,0,1,1,0,0,0,0,0,0,1,1,0
106,1,1,0,0,0,0,1,1,0,0,0,1,1,0
107,1,1,1,0,0,0,0,0,0,0,0,1,1,0
108,0,0,0,0,0,0,0,0,0,0,0,1,1,0
109,0,0,0,1,1,0,0,0,0,0,0,1,1,0
110,0,0,1,1,0,0,0,0,0,0,0,1,1,0
111,0,0,0,0,0,0,0,0,0,1,1,0,0,0
112,1,1,0,0,0,1,1,1,0,0,0,1,1,0
113,0,0,0,0,0,0,0,1,1,0,0,0,0,0
114,0,0,1,1,0,0,0,0,0,0,0,1,1,0
115,0,0,0,0,1,1,0,0,0,1,1,1,1,0
116,1,1,1,0,0,0,0,0,0,0,0,0,0,0
117,0,0,0,1,1,0,0,1,1,0,0,1,1,0
118,1,1,0,0,0,0,0,0,0,0,0,1,1,0
119,0,0,0,0,1,1,0,0,0,0,0,1,1,0
120,1,0,0,0,0,0,0,0,0,0,0,1,1,0
121,1,1,0,0,0,0,0,0,0,0,0,0,0,0
122,0,0,0,0,0,0,0,1,1,0,0,0,0,0
123,0,1,1,1,0,0,0,0,0,0,0,1,1,0
124,0,1,1,0,1,1,0,1,1,0,0,1,1,0
125,0,0,0,0,1,1,0,0,0,0,0,0,0,0
126,0,0,0,0,1,1,1,1,1,0,0,1,1,0
127,1,1,0,0,0,0,0,0,0,0,0,0,0,0
128,0,0,0,0,1,1,0,0,0,0,0,0,0,0
129,0,0,1,1,1,1,0,0,0,0,0,0,0,0
130,1,1,1,1,0,0,0,0,0,0,0,1,1,0
131,0,1,1,0,0,0,0,0,0,0,0,1,1,0
132,0,1,1,0,0,0,0,1,1,0,0,1,1,0
133,0,1,1,0,0,0,1,1,0,0,0,1,1,0
134,1,1,0,0,1,1,0,0,0,0,0,1,1,0
135,0,0,0,0,1,1,0,0,0,0,0,0,0,0
136,1,1,0,0,0,0,0,0,0,0,0,0,0,0
137,0,1,1,0,0,0,0,0,1,1,0,1,1,0
138,0,1,1,0,0,0,0,0,0,1,1,1,1,0
139,0,0,0,1,1,0,0,0,0,0,0,1,1,0
140,1,0,0,0,0,0,0,0,0,0,0,1,1,0
141,0,0,0,1,1,1,0,0,0,0,0,1,1,0
142,0,0,1,1,0,0,0,0,0,0,0,1,1,0
143,0,0,0,0,1,1,1,1,1,0,0,1,1,0
144,1,0,0,0,0,0,0,0,0,0,0,1,1,0
145,0,0,0,0,0,0,0,0,0,0,0,1,1,0
146,0,0,1,1,0,0,0,0,0,0,0,1,1,0
147,0,0,0,1,1,0,0,0,0,0,0,1,1,0
148,0,0,0,1,1,1,1,0,0,0,0,1,1,0
149,0,0,0,0,0,0,1,1,0,0,0,1,1,0
150,0,1,1,0,0,0,0,0,0,1,1,1,1,0
151,0,0,0,0,0,0,0,0,0,1,1,0,0,0
152,0,0,0,0,0,0,1,1,0,0,0,0,0,0
153,0,1,1,0,0,0,0,0,0,0,0,0,0,0
154,0,0,0,1,1,0,0,0,0,0,0,1,1,0
155,0,0,0,0,0,0,1,1,0,0,0,1,1,0
156,1,1,0,0,0,0,0,0,0,0,0,1,1,0
157,1,1,0,0,0,0,0,0,0,0,0,1,1,0
158,0,0,0,0,0,0,1,1,0,0,0,1,1,0
159,1,1,0,0,0,0,0,0,0,0,0,1,1,0
160,0,0,1,1,0,0,0,0,0,0,0,1,1,0
161,1,1,0,0,0,0,0,0,0,0,0,0,0,0
162,1,1,0,0,1,1,0,0,0,0,0,0,0,0
163,1,0,0,0,0,0,0,0,0,0,0,1,1,0
164,0,0,0,0,0,0,1,1,0,0,0,1,1,0
165,1,1,0,0,0,0,0,0,0,0,0,1,1,0
166,0,0,0,0,0,0,1,1,0,0,0,1,1,0
167,0,0,1,1,0,0,0,0,0,0,0,0,0,0
168,0,1,1,0,1,1,0,0,0,1,1,1,1,0
169,0,1,1,0,0,0,0,0,0,0,0,0,0,0
170,0,0,0,0,0,1,1,0,0,0,0,1,1,0
171,1,0,0,0,0,0,0,0,0,0,0,0,0,0
172,0,0,0,0,0,0,1,1,0,0,0,1,1,0
173,0,0,0,1,1,0,0,0,0,0,0,1,1,0
174,0,1,1,1,0,0,0,0,0,0,0,1,1,0
175,1,1,0,0,0,0,0,0,0,0,0,1,1,0
176,0,0,0,1,1,0,0,0,0,0,0,1,1,0
177,1,1,1,1,0,0,0,0,0,0,0,0,0,0
178,0,0,0,1,1,0,0,0,0,0,0,1,1,0
179,0,1,1,0,0,0,0,0,0,0,0,1,1,0
180,0,1,1,0,0,0,0,0,0,0,0,1,1,0
181,1,1,0,0,0,0,0,0,0,0,0,1,1,0
182,0,0,0,0,0,0,0,1,1,0,0,0,0,0
183,1,0,0,0,0,1,1,1,0,0,0,1,1,0
184,1,1,0,0,0,0,1,1,0,0,0,0,0,0
185,0,1,1,0,0,0,1,1,0,0,0,1,1,0
186,0,1,1,1,0,0,0,0,0,1,1,1,1,0
187,0,0,0,0,1,1,0,0,0,1,1,1,1,0
188,0,0,1,1,0,0,0,0,0,0,0,1,1,0
189,0,0,1,1,0,0,0,0,0,0,0,1,1,0
190,0,0,1,1,0,0,0,0,0,0,0,1,1,0
191,1,1,0,0,0,1,1,1,0,0,0,1,1,0
192,1,1,1,0,0,0,0,0,1,1,0,0,0,0
193,0,0,0,0,0,0,1,1,0,0,0,1,1,0
194,1,1,0,0,1,1,0,0,0,0,0,1,1,0
195,0,0,0,0,0,0,1,1,0,0,0,1,1,0
196,1,0,1,1,0,0,0,0,0,0,0,1,1,0
197,1,1,0,0,0,0,0,0,0,0,0,1,1,0
198,0,0,0,0,0,0,1,1,0,0,0,1,1,0
199,1,1,0,0,0,0,0,0,0,0,0,0,0,0
200,1,1,0,0,0,0,0,1,1,0,0,1,1,0
201,1,1,0,0,0,1,1,1,0,0,0,1,1,0
202,0,0,0,0,1,1,1,1,0,0,0,1,1,0
203,0,0,1,1,0,0,0,0,0,0,0,1,1,0
204,0,0,0,0,1,1,0,0,0,0,0,1,1,0
205,1,1,0,0,0,1,1,1,0,0,1,1,1,0
206,1,1,0,0,0,0,0,0,0,0,0,1,1,0
207,0,0,0,1,1,0,0,0,0,0,0,1,1,0
208,1,0,0,0,0,0,0,0,0,0,0,1,1,0
209,1,1,0,0,0,0,0,0,0,0,0,0,0,0
210,0,1,1,0,0,0,0,0,0,0,0,0,0,0
211,1,0,0,0,0,0,0,0,0,1,1,0,0,0
212,1,1,0,0,0,0,0,0,0,0,0,1,1,0
213,0,0,0,0,0,0,1,1,0,0,0,1,1,0
214,1,1,0,0,0,0,0,0,0,0,0,1,1,0
215,1,1,0,0,0,0,0,0,0,0,0,0,0,0
216,0,0,1,1,1,0,0,0,0,1,1,0,0,0
217,0,0,1,1,0,0,0,0,0,0,0,1,1,0
218,1,1,0,0,0,0,0,0,0,0,0,0,0,0
219,1,1,0,0,0,1,1,1,0,0,0,1,1,0
220,0,0,1,1,0,0,0,0,0,0,0,1,1,0
221,1,1,0,0,0,0,0,0,0,0,0,0,0,0
222,0,0,0,0,0,0,1,1,0,0,0,1,1,0
223,0,0,1,1,1,1,0,0,0,0,0,0,0,0
224,1,1,1,1,0,0,0,0,0,0,0,1,1,0
225,1,1,1,1,1,1,0,0,0,0,0,1,1,0
226,0,0,0,0,1,1,0,0,0,0,0,1,1,0
227,1,1,0,0,0,0,0,0,0,0,0,1,1,0
228,0,0,0,1,1,0,0,0,0,0,0,1,1,0
229,1,0,0,0,1,1,0,0,0,0,0,1,1,0
230,0,0,0,0,1,1,0,0,0,0,0,1,1,0
231,0,0,0,0,1,1,0,0,0,0,0,1,1,0
232,0,1,1,0,1,1,0,0,0,0,0,1,1,0
233,0,0,0,0,0,0,0,0,0,0,0,1,1,0
234,0,0,1,1,0,0,0,0,0,0,0,1,1,0
235,0,1,1,0,0,0,0,0,0,0,0,0,0,0
236,1,1,0,0,0,0,0,0,0,1,1,0,0,0
237,1,1,0,0,0,1,1,1,0,0,1,1,1,0
238,1,1,0,0,0,0,0,0,0,0,0,0,0,0
239,1,0,1,1,0,0,0,0,0,0,0,1,1,0
240,0,0,0,0,0,0,1,1,0,0,0,1,1,0
241,0,0,0,1,1,0,0,0,0,0,0,1,1,0
242,1,1,1,1,0,0,0,0,0,0,0,0,0,0
243,1,1,1,0,1,1,0,0,0,0,0,1,1,0
244,1,1,0,0,0,0,0,0,0,0,0,0,0,0
245,0,0,0,1,1,0,0,0,0,0,0,0,0,0
246,1,1,1,1,0,0,0,0,0,0,0,1,1,0
247,1,1,0,0,0,0,0,0,0,0,0,1,1,0
248,1,1,0,0,0,0,0,0,0,0,0,0,0,0
249,0,1,1,0,0,0,0,0,1,1,0,0,0,0
250,0,1,1,0,0,0,0,0,1,1,1,1,1,0
251,1,1,0,0,0,1,1,0,0,0,0,0,0,0
252,0,0,0,1,1,0,0,0,0,0,0,1,1,0
253,1,1,0,0,0,0,0,0,0,0,0,0,0,0
254,1,1,0,0,1,1,0,0,0,0,0,1,1,0
255,1,1,1,1,0,0,0,0,0,1,1,1,1,0
256,1,1,1,1,0,0,0,0,0,0,0,1,1,0
257,0,0,0,1,1,0,0,0,0,0,0,1,1,0
258,1,1,1,0,0,0,0,0,0,0,0,0,0,0
259,1,1,0,0,0,0,0,0,0,0,0,0,0,0
260,1,1,0,0,1,1,0,0,0,0,0,0,0,0
261,0,0,0,0,0,0,1,1,1,1,0,0,0,0
262,0,1,1,0,0,0,0,0,0,0,0,1,1,0
263,0,0,0,0,1,1,1,1,0,0,0,1,1,0
264,1,1,0,0,0,1,1,1,0,0,0,1,1,0
265,0,0,1,1,0,0,0,0,0,0,0,0,0,0
266,0,0,0,1,1,0,0,0,0,0,0,1,1,0
267,0,0,1,1,0,0,0,0,0,0,0,0,0,0
268,1,1,0,0,1,1,0,0,0,0,0,1,1,0
269,0,1,1,0,0,0,0,0,0,0,0,1,1,0
270,0,1,1,0,0,0,0,0,0,0,0,1,1,0
271,0,0,0,1,1,0,0,0,0,0,0,1,1,0
272,0,0,0,0,1,1,0,0,0,0,0,1,1,0
273,0,0,0,0,0,0,1,1,0,0,0,1,1,0
274,0,0,0,0,0,0,0,0,0,1,1,1,1,0
275,0,0,1,1,0,0,0,0,0,0,0,1,1,0
276,0,0,0,0,1,1,1,1,0,0,0,1,1,0
277,1,1,0,0,0,0,0,0,0,0,0,1,1,0
278,0,0,1,1,0,0,0,0,0,0,0,1,1,0
279,1,1,0,0,0,0,0,0,0,0,0,1,1,0
280,0,1,1,0,0,0,0,0,1,1,0,1,1,0
281,0,0,0,1,1,0,0,0,0,0,0,1,1,0
282,0,0,1,1,0,0,0,0,0,0,0,1,1,0
283,0,0,0,0,0,0,1,1,0,0,0,0,0,0
284,0,0,0,0,1,1,1,1,0,0,0,1,1,0
285,0,0,0,0,1,1,0,0,0,0,0,1,1,0
286,0,1,1,0,0,0,0,0,1,1,1,1,1,0
287,0,1,1,0,0,0,0,1,1,0,0,0,0,0
288,1,1,0,0,0,0,0,0,0,0,0,1,1,0
289,0,1,1,1,1,1,0,0,0,0,0,1,1,0
290,0,0,1,1,0,0,0,0,0,0,0,1,1,0
291,0,1,1,0,1,1,0,0,0,0,0,1,1,0
292,0,0,0,1,1,0,0,0,0,0,0,1,1,0
293,0,0,1,1,0,0,0,0,0,0,0,1,1,0
294,0,0,0,0,1,1,0,0,0,0,0,1,1,0
295,0,0,1,1,0,0,0,0,0,1,1,1,1,0
296,0,0,0,0,1,1,0,0,0,0,0,1,1,0
297,1,0,0,0,0,0,0,0,0,0,0,1,1,0
298,0,0,0,0,0,1,1,0,0,0,0,1,1,0
299,0,0,1,1,0,0,0,0,0,0,0,1,1,0
300,0,0,1,1,0,0,0,0,0,0,0,1,1,0
301,0,0,0,0,0,0,0,1,1,0,0,0,0,0
302,1,1,0,0,0,0,0,0,0,0,0,1,1,0
303,0,1,1,0,0,0,0,0,0,0,0,0,0,0
304,0,0,0,1,1,0,0,0,0,0,0,1,1,0
305,0,1,1,0,0,0,0,1,1,1,0,0,0,0
306,0,1,1,0,0,0,0,0,0,0,0,1,1,0
307,0,0,1,1,0,0,0,0,0,0,0,1,1,0
308,1,1,0,0,0,1,1,0,0,1,1,1,1,0
309,0,0,1,1,0,0,0,0,0,0,0,1,1,0
310,1,1,0,0,0,0,0,0,0,0,0,0,0,0
311,0,0,0,1,1,0,0,0,0,0,0,1,1,0
312,0,0,0,1,1,0,0,0,0,0,0,1,1,0
313,0,0,0,1,1,0,0,0,0,0,0,1,1,0
314,1,1,1,1,0,0,0,1,1,0,0,0,0,0
315,0,1,1,0,0,0,0,0,0,0,0,1,1,0
316,1,1,0,0,0,0,0,0,0,0,0,0,0,0
317,0,0,0,1,1,0,0,0,0,0,0,1,1,0
318,1,1,1,0,0,0,0,0,0,0,0,0,0,0
319,0,0,1,1,1,1,1,0,0,0,0,1,1,0
320,0,0,0,0,1,1,1,1,1,0,0,1,1,0
321,1,1,0,0,0,0,0,0,0,0,0,1,1,0
322,0,0,0,0,1,1,1,1,0,0,0,1,1,0
323,0,0,0,0,0,0,0,0,0,0,0,1,1,0
324,0,1,1,0,0,0,0,0,0,0,0,0,0,0
325,0,0,1,1,0,0,0,0,0,0,0,1,1,0
326,0,1,1,0,1,1,1,1,1,0,0,1,1,0
327,0,0,1,1,0,0,0,0,0,0,0,0,0,0
328,0,0,0,0,1,1,1,1,0,0,0,1,1,0
329,0,0,0,1,1,0,0,1,1,0,0,0,0,0
330,0,0,0,1,1,0,0,0,0,0,0,1,1,0
331,0,0,1,1,0,0,0,0,0,0,0,1,1,0
332,1,0,0,0,0,0,0,0,0,0,0,1,1,0
333,0,0,0,0,1,1,1,1,0,0,0,1,1,0
334,0,0,1,1,0,0,0,0,0,0,0,1,1,0
335,1,1,0,0,1,1,0,0,0,0,0,1,1,0
336,0,0,0,0,1,1,1,1,0,0,0,1,1,0
337,1,0,0,0,0,0,0,0,0,0,0,1,1,0
338,1,1,0,0,0,0,0,0,1,1,1,0,0,0
339,1,1,0,0,0,0,0,0,0,0,0,0,0,0
340,0,0,1,1,0,0,0,0,0,1,1,1,1,0
341,0,0,0,0,1,1,1,1,0,0,0,1,1,0
342,1,1,1,1,0,0,0,0,0,0,0,1,1,0
343,1,1,1,1,0,0,0,0,0,0,0,1,1,0
344,0,0,0,0,0,0,0,0,0,0,0,1,1,0
345,0,0,0,0,0,0,0,1,1,0,0,0,0,0
346,0,0,0,0,0,0,0,0,0,1,1,0,0,0
347,0,0,0,0,0,0,1,1,0,0,0,1,1,0
348,0,1,1,1,0,0,0,0,0,0,0,0,0,0
349,0,0,1,1,0,0,0,0,0,0,0,1,1,0
350,1,1,1,1,0,0,0,0,0,0,0,1,1,0
351,0,0,0,1,1,0,0,0,0,0,0,1,1,0
352,0,1,1,0,0,0,0,0,0,0,0,1,1,0
353,1,1,1,1,0,0,0,0,0,0,0,1,1,0
354,0,1,1,1,0,0,0,0,0,0,0,1,1,0
355,0,1,1,0,0,0,0,0,0,0,0,1,1,0
356,1,1,1,0,0,0,0,0,1,1,0,1,1,0
357,0,1,1,0,0,0,0,0,0,0,0,1,1,0
358,0,0,0,0,1,1,1,1,0,0,0,1,1,0
359,0,0,0,0,1,1,0,0,0,0,0,1,1,0
360,0,1,1,0,0,0,0,0,0,0,0,1,1,0
361,1,1,0,0,1,1,0,0,0,0,0,1,1,0
362,1,0,0,0,0,1,1,0,0,0,1,1,0,0
363,0,0,0,0,1,1,1,1,1,0,0,1,1,0
364,0,0,0,1,1,0,0,0,0,0,0,1,1,0
365,1,0,0,0,0,0,0,0,0,0,0,1,1,0
366,0,1,1,1,0,0,0,0,0,0,0,0,0,0
367,1,1,0,0,0,0,0,0,0,0,0,0,0,0
368,0,0,0,0,0,0,0,0,0,0,0,1,1,0
369,0,0,0,1,1,0,0,0,0,0,0,1,1,0
370,1,1,1,0,1,1,1,1,0,0,0,1,1,0
371,1,1,0,0,0,0,0,0,0,0,0,0,0,0
372,0,0,0,1,1,0,0,0,0,0,0,1,1,0
373,0,1,1,0,0,0,0,0,0,0,0,0,0,0
374,0,0,0,1,1,0,0,0,0,0,0,1,1,0
375,1,1,0,0,0,0,0,0,0,0,0,1,1,0
376,0,1,1,0,0,0,1,1,1,0,0,0,0,0
377,1,1,0,0,0,0,0,0,0,0,0,0,0,0
378,0,0,0,1,1,0,0,0,0,0,0,1,1,0
379,0,0,0,1,1,0,0,0,0,0,0,1,1,0
380,0,0,1,1,0,0,0,0,0,0,0,1,1,0
381,0,0,0,1,1,0,0,0,0,0,0,1,1,0
382,0,1,1,0,0,0,0,1,1,0,0,1,1,0
383,0,0,0,0,0,0,1,1,0,0,0,1,1,0
384,0,1,1,1,0,0,0,0,0,0,0,1,1,0
385,1,0,1,1,0,0,0,0,0,0,0,0,0,0
386,1,1,0,0,1,1,0,0,0,0,0,1,1,0
387,0,0,0,0,1,1,1,1,0,0,0,0,0,0
388,1,1,0,1,1,0,0,0,0,0,0,1,1,0
389,0,0,0,0,0,0,0,0,0,0,0,1,1,0
390,1,1,0,0,1,1,0,0,0,0,0,0,0,0
391,0,0,0,0,1,1,0,0,0,1,1,1,1,0
392,0,1,1,0,0,0,0,0,0,0,0,0,0,0
393,0,0,1,1,0,0,0,0,0,0,0,0,0,0
394,1,1,1,1,0,0,0,0,0,0,0,1,1,0
395,1,1,1,0,0,0,0,0,0,1,1,1,1,0
396,0,0,0,0,1,1,0,1,1,0,0,0,0,0
397,0,0,1,1,0,0,0,0,0,0,0,1,1,1
398,1,1,0,0,0,0,0,0,0,0,0,0,0,0
399,0,1,1,0,1,1,0,0,0,0,0,1,1,0
400,0,0,1,1,0,0,1,1,0,0,0,1,1,0
401,0,0,0,0,1,1,0,0,0,1,1,1,1,0
402,0,0,0,1,1,0,0,0,0,0,0,1,1,0
403,0,0,0,0,1,1,0,0,0,0,0,1,1,0
404,0,0,1,1,0,0,0,0,0,0,0,1,1,0
405,1,0,0,0,0,1,1,1,0,0,0,1,1,0
406,1,1,0,0,0,0,0,0,0,0,0,1,1,0
407,0,0,0,0,1,1,1,1,0,0,0,1,1,0
408,0,0,1,1,0,0,0,0,0,0,0,1,1,0
409,1,1,0,0,0,0,0,0,0,1,1,1,1,0
410,1,1,0,0,0,0,0,0,0,0,0,1,1,0
411,0,0,0,0,0,0,1,1,0,0,0,0,0,0
412,0,0,0,0,1,1,1,1,0,0,0,1,1,0
413,0,0,0,1,1,0,0,0,0,0,0,1,1,0
414,0,0,0,1,1,0,0,0,0,0,0,1,1,0
415,0,0,1,1,0,0,0,0,0,0,0,1,1,0
416,1,1,1,1,0,0,0,0,0,0,0,1,1,0
417,0,0,0,0,0,0,1,1,0,0,0,1,1,0
418,0,0,0,1,1,0,0,0,0,0,0,1,1,0
419,0,0,0,0,1,1,1,1,0,0,1,1,1,0
420,0,1,1,0,0,0,0,0,0,1,1,0,0,0
421,0,1,1,0,0,0,0,0,0,0,0,1,1,0
422,1,1,0,0,0,0,0,0,0,0,0,0,0,0
423,1,1,0,0,0,0,0,0,0,0,0,1,1,0
424,0,0,1,1,1,0,0,0,0,0,0,0,0,1
425,0,0,1,1,0,0,0,0,0,0,0,1,1,0
426,0,0,0,1,1,0,0,0,0,0,0,1,1,0
427,0,0,0,0,0,0,0,0,0,1,1,1,1,0
428,0,0,0,0,0,0,0,1,1,0,0,0,0,0
429,0,0,1,1,0,0,0,0,0,0,0,1,1,1
430,0,0,0,0,1,1,0,0,0,0,0,0,0,0
431,0,0,0,1,1,0,0,0,0,0,0,1,1,0
432,0,0,0,1,1,0,0,0,0,0,0,1,1,0
433,0,0,1,1,0,0,1,1,0,0,0,1,1,0
434,1,1,0,0,0,0,0,0,0,0,0,1,1,0
435,0,0,0,0,1,1,0,0,0,0,0,1,1,0
436,0,0,1,1,0,0,0,0,0,0,0,1,1,0
437,1,1,0,0,1,1,0,0,0,0,0,0,0,0
438,1,1,0,0,0,0,0,0,0,0,0,0,0,0
439,0,0,0,0,1,1,1,1,0,0,0,1,1,0
440,0,0,0,0,0,0,1,1,1,1,0,0,0,0
441,0,0,0,0,1,1,0,1,1,0,0,1,1,0
442,1,1,0,0,0,0,0,0,0,0,0,1,1,0
443,1,1,0,0,0,0,0,0,0,0,0,0,0,0
444,0,0,1,1,0,0,0,0,0,0,0,1,1,0
445,0,0,1,1,0,0,0,0,0,0,0,1,1,0
446,0,1,1,0,1,1,0,0,0,0,0,1,1,0
447,1,1,1,1,1,0,0,0,0,0,0,1,1,0
448,0,0,1,1,0,0,0,0,0,0,0,1,1,1
449,0,0,0,0,0,0,0,1,1,0,0,0,0,0
450,0,1,1,0,0,0,0,0,0,0,0,1,1,0
451,0,0,0,0,1,1,0,0,0,0,0,0,0,0
452,1,1,0,0,0,0,0,1,1,0,0,0,0,0
453,0,0,0,0,0,0,1,1,0,0,0,1,1,0
454,0,1,1,0,0,0,0,1,1,0,0,1,1,0
455,0,0,1,1,0,0,0,0,0,0,0,1,1,0
456,0,1,1,1,0,0,0,0,0,0,0,1,1,0
457,1,0,0,0,0,0,0,0,0,0,0,1,1,0
458,0,0,1,1,0,0,0,0,0,0,0,1,1,0
459,0,1,1,0,0,0,0,0,0,0,0,0,0,0
460,0,0,0,0,1,1,1,1,0,0,0,1,1,0
461,0,0,1,1,0,0,0,0,0,0,0,1,1,0
462,1,0,0,0,0,0,0,0,0,0,0,1,1,0
463,0,1,1,1,0,0,0,0,0,0,0,0,0,0
464,1,1,1,0,0,0,0,0,0,0,0,1,1,0
465,0,1,1,1,0,0,0,0,0,0,0,1,1,0
466,0,0,1,1,1,0,0,0,0,0,0,1,1,1
467,0,0,0,0,0,1,1,1,0,0,0,0,0,0
468,0,0,0,0,0,1,1,1,0,0,0,1,1,0
469,0,0,0,0,1,1,0,0,0,0,0,1,1,0
470,0,0,0,1,1,0,0,0,0,0,0,1,1,0
471,0,0,0,0,1,1,0,0,0,0,0,0,0,0
472,0,1,1,0,0,0,1,1,0,0,0,1,1,0
473,0,0,0,0,1,1,0,0,0,0,0,1,1,0
474,0,0,0,0,0,1,1,1,0,0,1,1,1,0
475,0,0,0,1,1,0,0,0,0,0,0,1,1,0
476,0,0,0,0,0,0,1,1,0,0,0,1,1,0
477,0,0,0,0,1,1,1,0,0,0,0,1,1,0
478,1,1,1,1,0,0,0,0,0,0,0,1,1,0
479,0,0,1,1,0,0,0,0,0,0,0,1,1,0
480,0,0,0,1,1,0,0,0,0,0,0,1,1,0
481,0,0,1,1,0,0,0,0,0,0,0,1,1,0
482,1,1,0,0,0,0,0,0,0,0,0,0,0,0
483,0,0,0,1,1,0,0,0,0,0,0,1,1,0
484,0,0,1,1,0,0,0,0,0,0,0,0,0,0
485,1,1,0,0,0,0,0,0,0,0,0,0,0,0
486,1,1,0,0,0,0,0,0,0,1,1,1,1,0
487,1,1,0,0,0,0,0,0,0,0,0,0,0,0
488,0,1,1,1,0,0,0,0,0,0,0,1,1,0
489,1,1,0,0,0,0,0,0,0,0,0,1,1,0
490,1,1,0,0,0,0,0,0,0,0,0,1,1,0
491,0,0,1,1,0,0,0,0,0,0,0,1,1,0
492,0,0,0,0,0,0,1,1,0,0,0,1,1,0
493,0,0,1,1,0,0,0,0,0,0,0,1,1,0
494,0,1,1,0,1,1,0,0,0,0,0,0,0,0
495,1,1,0,0,1,1,0,0,0,0,0,1,1,0
496,1,1,0,0,0,0,0,0,0,0,0,1,1,0
497,1,1,0,0,0,0,0,0,0,0,0,1,1,0
498,0,0,1,1,0,0,1,1,0,0,0,1,1,0
499,0,0,0,1,1,0,0,0,0,0,0,1,1,0
500,0,1,1,0,0,0,0,0,0,1,1,1,1,0
501,0,0,0,0,0,0,1,1,0,0,0,0,0,0
502,1,1,0,0,0,0,0,0,0,0,0,0,0,0
503,0,0,0,1,1,0,0,0,0,0,0,0,0,0
504,0,1,1,1,0,0,0,0,0,0,0,1,1,0
505,0,0,0,0,0,0,0,0,0,1,1,1,1,0
506,0,0,0,0,1,1,1,1,0,0,1,1,1,0
507,0,1,1,1,0,0,0,0,0,0,0,1,1,0
508,0,0,0,0,0,1,1,0,0,0,0,0,0,0
509,0,1,1,0,1,1,0,0,0,0,0,1,1,0
510,1,1,0,0,0,0,0,0,0,0,0,0,0,0
511,0,0,0,1,1,0,0,0,0,0,0,1,1,0
512,1,1,0,0,0,0,0,0,0,0,0,1,1,0
513,0,1,1,0,0,0,0,0,0,0,0,1,1,0
514,0,0,0,0,1,1,1,1,0,0,1,1,1,0
515,0,1,1,0,0,0,0,0,0,0,0,1,1,0
516,1,1,0,0,0,0,0,0,0,0,0,1,1,0
517,1,1,0,0,0,0,0,0,0,0,0,0,0,0
518,1,1,1,0,0,0,0,1,1,1,0,1,1,0
519,0,1,1,0,1,1,0,0,0,1,1,1,1,0
520,0,0,0,1,1,0,0,0,0,0,0,1,1,0
521,0,0,1,1,0,0,0,0,0,0,0,1,1,0
522,0,1,1,0,0,0,0,0,0,0,0,1,1,0
523,0,0,0,1,1,0,0,0,0,0,0,1,1,0
524,1,0,0,0,0,0,0,0,0,0,0,0,0,0
525,0,0,0,0,0,0,0,0,0,0,0,1,1,0
526,0,0,0,0,1,1,0,0,0,0,0,1,1,0
527,1,1,1,0,0,0,0,0,0,1,1,1,1,0
528,0,0,1,1,0,0,0,0,0,0,0,0,0,0
529,0,1,1,0,1,1,0,0,0,0,0,1,1,0
530,0,0,0,1,1,0,0,0,0,0,0,1,1,0
531,0,0,0,0,0,1,1,1,0,0,1,1,1,0
532,1,0,0,0,0,0,0,0,0,0,0,1,1,0
533,1,1,0,0,1,1,0,0,0,0,0,1,1,0
534,0,0,0,0,0,0,0,0,0,0,0,1,1,0
535,0,1,1,0,0,0,0,0,1,1,0,1,1,0
536,0,0,0,0,1,1,1,1,0,0,0,1,1,0
537,1,0,0,0,0,0,0,0,0,0,0,1,1,0
538,0,0,0,0,1,1,1,1,0,1,1,1,1,0
539,1,1,0,0,0,0,0,0,0,0,0,1,1,0
540,0,0,0,0,1,1,0,0,0,0,0,1,1,0
541,0,0,0,0,1,1,0,0,0,0,0,1,1,0
542,0,0,0,1,1,0,0,0,0,0,0,1,1,0
543,0,1,1,0,0,0,0,0,0,0,0,1,1,0
544,0,1,1,1,1,1,0,0,0,0,0,0,0,0
545,0,0,1,1,0,0,0,0,0,0,0,1,1,0
546,0,0,1,1,1,0,0,0,0,0,0,1,1,0
547,0,1,1,1,0,0,0,0,0,0,0,1,1,0
548,0,0,0,1,1,0,0,0,0,0,0,1,1,0
549,0,0,0,0,1,1,0,0,0,0,0,1,1,0
550,0,1,1,0,1,1,0,0,1,1,0,1,1,0
551,0,0,0,1,1,1,0,0,0,0,0,1,1,0
552,1,0,0,0,0,0,0,0,0,0,0,0,0,0
553,0,0,1,1,0,0,0,0,0,0,0,1,1,0
554,0,0,0,1,1,0,0,0,0,0,0,1,1,0
555,1,1,0,0,0,0,0,0,0,0,0,1,1,0
556,1,1,1,0,0,0,0,0,0,0,0,0,0,0
557,0,0,0,1,1,0,0,0,0,0,0,1,1,0
558,1,1,0,0,0,0,0,0,0,0,0,1,1,0
559,0,0,1,1,0,0,0,0,0,0,0,1,1,0
560,0,0,0,1,1,0,0,0,0,0,0,1,1,0
561,0,0,0,1,1,0,0,0,0,0,0,1,1,0
562,0,0,0,1,1,0,0,0,0,0,0,0,0,0
563,1,1,1,0,0,0,0,0,0,0,0,1,1,0
564,0,1,1,0,0,0,1,1,0,0,0,1,1,0
565,0,0,0,1,1,0,0,0,0,0,0,1,1,0
566,0,0,0,0,0,0,0,0,0,0,0,1,1,0
567,0,0,0,0,0,0,1,1,0,0,0,1,1,0
568,0,1,1,1,1,0,0,0,0,0,0,1,1,0
569,0,0,0,0,0,0,1,1,0,0,0,1,1,0
570,0,0,0,0,0,0,0,1,1,1,1,0,0,0
571,1,1,0,0,0,0,0,0,0,0,0,1,1,0
572,0,1,1,0,0,0,0,0,0,0,0,0,0,0
573,0,0,1,1,0,0,0,0,0,0,0,1,1,1
574,1,1,1,0,0,0,0,0,1,1,0,0,0,0
575,0,0,0,0,1,1,1,1,0,0,0,1,1,0
576,0,0,1,1,0,0,0,0,0,0,0,1,1,0
577,1,1,0,0,0,0,0,0,0,0,0,1,1,0
578,0,0,0,0,1,1,0,0,0,0,0,0,0,0
579,0,0,0,0,1,1,1,1,0,0,0,1,1,0
580,1,1,0,0,0,0,0,0,0,0,0,1,1,0
581,1,0,0,0,0,0,0,0,0,0,0,1,1,0
582,1,1,0,0,0,0,0,1,1,0,0,1,1,0
583,0,0,0,0,0,0,1,1,0,0,0,1,1,0
584,1,1,0,0,0,0,0,0,0,0,0,1,1,0
585,0,1,1,0,0,0,0,0,1,1,0,1,1,0
586,1,1,0,0,1,1,0,1,1,0,0,1,1,0
587,0,1,1,0,1,1,0,0,0,1,1,0,0,0
588,0,1,1,1,0,0,1,1,0,0,0,1,1,1
589,0,0,0,0,1,1,0,0,0,0,0,1,1,0
590,0,0,1,1,0,0,0,0,0,0,0,0,0,0
591,1,0,0,0,0,0,0,0,0,0,0,1,1,0
592,1,1,1,1,0,0,0,0,0,0,0,1,1,0
593,0,0,1,1,0,0,0,0,0,0,0,1,1,0
594,1,0,1,1,0,0,0,0,0,0,0,1,1,0
595,0,0,1,1,0,0,0,0,0,0,0,1,1,0
596,1,1,1,1,0,0,0,0,0,0,0,1,1,0
597,1,1,1,0,0,0,0,0,0,0,0,1,1,0
598,1,1,1,1,0,0,0,0,0,0,0,1,1,0
599,0,1,1,0,0,0,0,0,0,1,1,1,1,0
600,0,0,0,0,1,1,1,1,0,0,1,1,1,0
601,0,0,0,0,0,0,1,1,0,0,0,1,1,0
602,0,0,0,0,1,1,0,0,0,0,0,1,1,0
603,1,1,1,1,0,0,0,0,0,0,0,1,1,1
604,0,1,1,0,0,0,0,0,0,0,0,1,1,0
605,1,0,0,0,0,1,1,0,0,0,1,1,1,0
606,0,0,1,1,0,0,0,0,0,0,0,1,1,0
607,0,0,0,0,0,0,0,0,0,1,1,0,0,0
608,0,1,1,0,1,1,0,0,0,0,0,0,0,0
609,0,0,0,0,0,0,0,1,1,0,0,0,0,0
610,1,1,0,0,0,0,0,0,0,0,0,1,1,0
611,0,0,1,1,0,0,0,0,0,0,0,0,0,1
612,1,1,1,1,1,0,0,0,0,0,0,0,0,0
613,1,1,0,0,0,0,0,0,0,0,0,0,0,0
614,0,1,1,0,0,0,0,0,0,1,1,1,1,0
615,0,0,0,1,1,0,0,0,0,0,0,1,1,0
616,0,1,1,0,0,0,0,0,0,0,0,1,1,0
617,0,0,0,0,0,0,1,1,1,0,0,1,1,0
618,0,1,1,0,0,0,0,0,0,0,0,0,0,0
619,0,0,0,0,1,1,0,0,0,0,0,1,1,0
620,0,0,0,0,1,1,1,0,0,0,0,1,1,0
621,0,0,1,1,0,0,0,0,0,0,0,1,1,0
622,0,1,1,1,0,0,0,0,0,0,0,1,1,0
623,1,1,0,0,0,0,0,0,0,0,0,1,1,0
624,0,0,0,0,0,1,1,0,0,0,0,0,0,0
625,0,0,1,1,0,0,0,0,0,0,0,0,0,0
626,0,0,0,1,1,0,0,0,0,0,0,1,1,0
627,0,0,0,1,1,0,0,0,0,0,0,1,1,0
628,1,1,0,0,0,0,0,0,0,0,0,1,1,0
629,1,0,0,0,0,1,1,1,0,0,0,1,1,0
630,0,1,1,0,0,0,0,1,1,0,0,1,1,0
631,0,0,1,1,0,0,0,0,0,0,0,1,1,0
632,0,1,1,0,0,0,0,0,1,1,0,1,1,0
633,0,0,0,0,1,1,0,1,1,0,0,1,1,0
634,1,0,0,0,0,0,0,0,0,0,0,1,1,0
635,0,0,0,1,1,0,0,0,0,0,0,1,1,0
636,0,0,1,1,0,0,0,0,0,0,0,1,1,0
637,1,1,0,0,0,0,0,0,0,0,0,1,1,0
638,0,0,1,1,0,0,0,0,0,0,0,0,0,0
639,0,0,0,0,0,0,0,0,0,0,0,1,1,0
640,1,1,1,1,1,0,0,1,1,0,0,1,1,0
641,0,0,1,1,1,1,0,0,0,0,0,1,1,0
642,0,0,1,1,0,0,0,0,0,0,0,1,1,0
643,0,1,1,1,0,0,0,0,0,1,1,1,1,0
644,0,0,1,1,0,0,0,0,0,0,0,1,1,0
645,0,0,0,0,0,0,1,1,0,0,0,0,0,0
646,0,0,0,0,0,0,0,1,1,0,0,0,0,0
647,1,1,0,0,0,0,0,0,0,0,0,1,1,0
648,0,1,1,0,0,0,0,0,0,0,0,0,0,0
649,0,0,0,0,0,0,1,1,0,0,0,1,1,0
650,0,0,1,1,0,0,0,1,1,0,0,0,0,0
651,0,0,0,0,1,1,1,1,0,0,0,1,1,0
652,0,0,0,0,0,1,1,0,0,0,0,0,0,0
653,0,0,1,1,0,0,0,1,1,0,0,1,1,0
654,0,1,1,0,0,0,0,0,0,0,0,1,1,0
655,0,0,0,0,0,0,1,1,0,0,0,1,1,0
656,1,1,0,0,0,0,0,0,0,0,0,0,0,0
657,0,0,0,0,0,0,0,0,0,1,1,0,0,0
658,0,0,0,0,1,1,1,1,0,0,0,1,1,0
659,0,0,0,0,1,1,0,0,0,0,0,1,1,0
660,0,0,1,1,0,0,0,0,0,0,0,1,1,0
661,0,0,0,0,1,1,1,1,0,0,0,1,1,0
662,1,1,0,0,0,0,0,0,0,0,0,1,1,0
663,0,1,1,0,0,0,1,1,0,0,0,1,1,0
664,0,0,0,0,0,1,1,0,0,0,1,1,1,0
665,0,0,1,1,1,1,0,0,0,0,0,0,0,0
666,0,0,1,1,0,0,0,0,0,0,0,1,1,0
667,0,0,0,0,0,0,1,1,0,0,0,1,1,0
668,1,1,0,0,1,1,0,0,0,0,0,1,1,0
669,0,0,0,0,1,1,1,1,0,0,0,1,1,0
670,0,1,1,0,0,0,0,0,0,0,0,0,0,0
671,0,1,1,1,0,0,0,1,1,0,0,1,1,0
672,0,1,1,0,0,0,0,0,0,0,0,1,1,0
673,1,1,0,0,0,0,0,1,1,0,0,0,0,0
674,1,0,0,0,0,0,0,0,0,0,0,0,0,0
675,0,0,1,1,0,0,1,1,0,0,0,1,1,0
676,0,0,0,1,1,0,0,0,0,0,0,1,1,0
677,0,0,0,0,0,0,0,0,0,1,1,0,0,0
678,1,1,0,0,1,1,0,0,0,0,0,1,1,0
679,0,1,1,0,1,1,0,0,0,0,0,1,1,0
680,0,0,0,0,0,0,0,0,0,0,0,1,1,0
681,1,0,0,0,0,0,0,0,0,0,0,1,1,0
682,0,0,1,1,0,0,0,0,0,0,0,1,1,0
683,0,0,0,0,1,1,1,1,0,0,0,1,1,0
684,0,1,1,1,1,0,0,0,0,0,0,1,1,0
685,0,0,0,0,0,1,1,0,0,0,1,1,0,0
686,1,1,1,1,0,0,0,0,0,0,0,1,1,0
687,0,0,0,1,1,0,0,0,0,0,0,1,1,0
688,0,0,1,1,0,0,0,0,0,0,0,1,1,0
689,1,1,1,0,0,0,0,0,0,0,0,1,1,0
690,0,0,0,0,1,1,0,0,0,0,0,1,1,0
691,0,0,1,1,0,0,0,0,0,1,1,1,1,0
692,1,0,0,0,0,0,0,0,0,0,0,0,0,0
693,0,0,0,0,1,1,0,0,0,0,0,1,1,0
694,0,0,0,0,0,0,1,1,0,0,0,1,1,0
695,0,0,1,1,0,0,0,0,0,0,0,0,0,1
696,0,1,1,0,0,0,0,0,0,1,1,1,1,0
697,0,1,1,0,0,0,0,0,0,0,0,1,1,0
698,0,0,0,1,1,0,0,0,0,0,0,1,1,0
699,1,1,1,1,0,0,0,0,0,0,0,1,1,0
700,0,0,1,1,1,1,0,0,0,0,0,1,1,0
701,0,0,1,1,0,0,0,0,0,0,0,0,0,0
702,0,1,1,0,0,0,0,0,0,0,0,1,1,0
703,0,0,0,0,1,1,1,0,0,0,0,1,1,0
704,0,0,1,1,0,0,0,0,0,0,0,1,1,0
705,1,1,1,1,0,0,0,0,0,0,0,1,1,0
706,0,0,1,1,0,0,0,0,0,0,0,1,1,0
707,0,0,1,1,0,0,0,0,0,0,0,1,1,0
708,0,0,1,1,0,0,0,0,0,0,0,1,1,0
709,0,0,0,0,0,0,1,1,0,0,0,1,1,0
710,1,0,0,0,0,0,0,0,0,0,0,1,1,0
711,0,0,0,0,1,1,1,1,0,0,0,1,1,0
712,0,0,1,1,0,0,0,0,1,1,0,1,1,0
713,0,0,1,1,0,0,0,0,0,0,0,0,0,0
714,0,1,1,0,0,0,0,0,0,0,0,0,0,0
715,1,1,0,0,0,1,1,0,0,0,0,0,0,0
716,0,1,1,0,0,0,1,1,0,0,0,1,1,0
717,0,0,0,0,0,0,0,1,1,0,0,0,0,0
718,1,0,0,0,0,0,0,0,0,0,0,1,1,0
719,1,1,0,0,0,0,0,0,0,0,0,1,1,0
720,0,1,1,0,0,0,0,1,1,0,0,1,1,0
721,1,1,1,1,0,0,0,0,0,0,0,1,1,0
722,0,0,0,0,0,0,1,1,0,0,0,1,1,0
723,0,0,0,0,1,1,0,0,0,0,0,1,1,0
724,0,1,1,0,0,0,1,1,0,0,0,1,1,0
725,0,1,1,0,0,0,0,0,0,0,0,0,0,0
726,0,0,1,1,0,0,1,1,0,0,0,1,1,0
727,1,1,0,0,0,0,0,0,0,0,0,0,0,0
728,1,1,0,0,0,0,0,0,0,0,0,1,1,0
729,0,0,0,0,1,1,0,0,0,0,0,1,1,0
730,0,0,0,0,1,1,0,0,0,0,0,1,1,0
731,1,0,0,0,0,0,0,1,1,0,0,0,0,0
732,0,1,1,0,0,0,0,0,0,0,0,0,0,0
733,0,0,0,0,1,1,0,0,0,0,0,1,1,0
734,1,0,0,0,0,0,0,0,0,0,0,0,0,0
735,1,1,0,0,0,0,0,0,0,0,0,0,0,0
736,0,1,1,0,0,0,0,0,0,0,0,1,1,0
737,0,0,0,0,0,0,0,0,0,0,0,1,1,0
738,1,1,0,0,0,0,0,0,0,0,0,1,1,0
739,0,0,0,0,0,1,1,0,0,1,1,0,0,0
740,1,1,0,0,0,0,0,0,0,0,0,1,1,0
741,0,0,0,0,0,1,1,0,0,0,0,1,1,0
742,1,1,1,0,0,0,0,0,0,1,1,0,0,0
743,1,1,0,0,0,0,0,0,0,0,0,0,0,0
744,0,0,0,0,1,1,1,1,0,0,0,1,1,0
745,0,0,0,0,0,0,0,0,0,1,1,0,0,0
746,0,0,1,1,0,0,0,0,0,0,0,1,1,0
747,0,0,1,1,0,0,0,0,0,0,0,0,0,0
748,0,0,1,1,0,0,0,0,0,0,0,1,1,0
749,0,0,1,1,0,0,0,0,0,0,0,1,1,0
750,0,0,0,0,0,0,0,0,0,0,0,1,1,0
751,1,0,0,0,0,0,0,0,0,0,0,1,1,0
752,0,0,0,1,1,0,0,0,0,0,0,1,1,0
753,0,0,0,0,0,1,1,0,0,1,1,0,0,0
754,0,0,1,1,0,0,0,0,0,0,0,0,0,0
755,1,1,0,0,0,0,0,0,0,0,0,0,0,0
756,0,1,1,0,0,0,0,0,0,0,0,1,1,0
757,0,1,1,1,0,0,0,0,0,0,0,1,1,0
758,1,1,0,0,0,0,0,0,0,0,0,0,0,0
759,1,1,1,1,1,0,0,0,0,0,0,0,0,1
760,0,1,1,1,0,0,0,0,0,0,0,1,1,0
761,0,0,0,1,1,0,0,0,0,0,0,1,1,0
762,0,0,1,1,0,0,0,0,0,0,0,1,1,0
763,1,1,1,1,0,0,0,0,0,0,0,1,1,0
764,1,1,0,0,0,0,0,0,0,0,0,0,0,0
765,1,0,0,0,0,0,0,0,0,0,0,1,1,0
766,1,1,0,1,1,0,0,0,0,0,0,1,1,0
767,0,0,1,1,0,0,0,0,0,0,0,1,1,0
768,0,0,1,1,0,0,0,0,0,1,1,1,1,0
769,0,0,0,0,1,1,0,0,0,0,0,1,1,0
770,0,0,0,0,1,1,1,1,0,0,0,1,1,0
771,1,1,1,1,0,0,0,0,0,0,0,1,1,0
772,0,0,0,1,1,0,0,0,0,0,0,1,1,0
773,0,0,0,0,1,1,1,1,0,0,0,1,1,0
774,1,1,0,0,0,0,0,0,0,0,0,1,1,0
775,0,1,1,0,0,0,0,0,0,0,0,0,0,0
776,0,0,1,1,0,0,0,0,0,0,0,1,1,0
777,0,1,1,0,0,0,0,0,0,1,1,0,0,0
778,1,0,0,0,0,0,0,0,0,0,0,1,1,0
779,0,0,0,1,1,0,0,0,0,0,0,1,1,0
780,1,0,0,0,0,1,1,1,0,0,0,1,1,0
781,0,1,1,0,0,0,0,0,0,1,1,1,1,0
782,0,0,0,0,0,0,0,0,0,1,1,1,1,0
783,1,1,0,0,0,0,0,0,0,0,0,1,1,0
784,0,0,0,1,1,0,0,0,0,0,0,1,1,0
785,0,0,0,1,1,1,0,0,0,0,0,1,1,0
786,0,1,1,0,0,0,0,1,1,1,1,1,1,0
787,1,1,0,0,0,0,0,0,0,1,1,0,0,0
788,0,0,1,1,0,0,0,0,0,0,0,1,1,0
789,0,1,1,1,0,0,0,0,0,0,0,1,1,0
790,0,1,1,0,0,0,0,0,0,0,0,1,1,0
791,0,0,1,1,0,0,0,0,0,1,1,1,1,0
792,0,0,1,1,0,0,0,0,0,0,0,1,1,1
793,0,0,0,0,1,1,0,0,0,0,0,0,0,0
794,1,0,1,1,0,0,0,0,0,0,0,0,0,0
795,0,0,0,0,1,1,0,0,0,0,0,1,1,0
796,0,0,1,1,0,0,0,0,0,0,0,1,1,0
797,0,0,1,1,0,0,0,0,0,0,0,1,1,0
798,0,0,1,1,0,0,0,0,0,0,0,1,1,0
799,0,0,0,1,1,0,0,0,0,0,0,1,1,0
800,1,1,0,0,0,0,0,0,0,0,0,1,1,0
801,0,0,0,0,1,1,0,0,0,0,0,1,1,0
802,0,1,1,0,0,0,0,0,0,0,0,1,1,0
803,0,0,1,1,0,0,0,0,0,0,0,1,1,0
804,0,0,0,0,0,0,0,0,0,1,1,0,0,0
805,1,0,0,0,0,0,0,0,0,0,0,1,1,0
806,0,1,1,0,0,0,1,1,0,0,0,1,1,0
807,0,1,1,1,1,1,0,0,0,1,1,1,1,0
808,0,0,1,1,0,0,0,0,0,0,0,1,1,0
809,0,1,1,0,0,0,0,0,0,0,0,0,0,0
810,1,1,0,0,0,0,0,0,0,0,0,1,1,0
811,1,1,0,0,0,0,0,1,1,0,0,1,1,0
812,0,0,0,0,1,1,0,0,0,0,0,1,1,0
813,0,0,0,1,1,0,0,0,0,0,0,1,1,0
814,1,1,0,0,0,0,0,0,0,0,0,0,0,0
815,0,0,1,1,0,0,0,0,0,0,0,1,1,0
816,1,1,0,0,0,0,0,0,0,0,0,0,0,0
817,0,0,0,1,1,0,0,0,0,0,0,1,1,0
818,0,0,0,1,1,0,0,0,0,0,0,1,1,0
819,0,0,0,0,0,0,0,0,0,0,0,1,1,0
820,0,0,0,0,1,1,1,1,0,0,0,1,1,0
821,1,1,0,0,0,0,0,0,0,0,0,1,1,0
822,1,1,0,0,0,0,0,0,0,0,0,0,0,0
823,0,0,1,1,0,0,1,1,0,0,0,1,1,0
824,0,0,1,1,0,0,1,1,0,0,0,1,1,0
825,0,0,0,1,1,0,0,0,0,0,0,1,1,0
826,0,0,0,0,1,1,0,0,0,0,0,1,1,0
827,1,1,1,0,0,0,0,1,1,0,0,0,0,0
828,0,0,0,1,1,0,0,0,0,0,0,1,1,0
829,1,1,1,1,0,0,0,0,0,0,0,0,0,0
830,0,0,0,1,1,0,0,0,0,0,0,1,1,0
831,1,1,0,0,0,0,0,0,0,0,0,0,0,0
832,0,1,1,0,0,0,0,1,1,0,0,0,0,0
833,0,0,0,1,1,0,0,0,0,0,0,1,1,0
834,0,0,1,1,0,0,0,0,0,0,0,0,0,0
835,0,0,1,1,0,0,0,0,0,0,0,1,1,0
836,1,1,0,0,0,0,0,0,0,0,0,1,1,0
837,0,0,0,0,1,1,1,1,0,1,1,1,1,0
838,0,0,1,1,0,0,0,0,0,0,0,0,0,0
839,0,0,1,1,0,0,1,1,0,0,0,1,1,0
840,0,0,0,0,0,0,0,0,0,1,1,0,0,0
841,1,1,0,0,0,0,0,0,0,1,1,1,1,0
842,1,0,0,0,0,0,0,0,0,0,0,1,1,0
843,1,1,0,0,0,0,0,1,1,0,0,1,1,0
844,0,0,1,1,0,0,0,0,0,0,0,1,1,0
845,0,0,1,1,0,0,0,0,0,0,0,0,0,1
846,0,0,0,1,1,0,0,0,0,0,0,1,1,0
847,0,0,1,1,0,0,0,0,0,0,0,1,1,0
848,0,1,1,0,0,0,0,0,0,0,0,0,0,0
849,0,0,1,1,0,0,0,0,0,0,0,0,0,0
850,1,1,0,0,0,0,0,0,0,0,0,0,0,0
851,0,1,1,0,0,0,0,0,1,1,0,0,0,0
852,0,1,1,0,0,0,0,0,0,0,0,1,1,0
853,0,1,1,0,0,0,0,0,0,0,0,1,1,0
854,1,1,0,0,0,0,0,0,0,0,0,1,1,0
855,0,0,1,1,0,0,0,0,0,0,0,0,0,0
856,0,0,1,1,0,0,0,0,0,0,0,1,1,0
857,0,1,1,0,0,0,0,0,0,0,0,1,1,0
858,0,0,1,1,0,0,0,0,0,0,0,1,1,0
859,0,0,1,1,0,0,0,0,0,0,0,1,1,0
860,0,0,1,1,0,0,1,1,0,0,0,1,1,0
861,1,1,0,0,1,1,0,0,0,0,0,0,0,0
862,0,1,1,1,0,0,0,0,1,1,0,1,1,0
863,1,1,0,0,0,0,0,0,0,0,0,0,0,0
864,1,1,0,0,0,0,0,0,0,0,0,0,0,0
865,1,1,0,0,0,0,0,0,0,0,0,1,1,0
866,0,0,0,1,1,1,0,0,0,0,0,1,1,0
867,0,1,1,0,0,0,0,0,0,0,0,0,0,0
868,0,0,0,0,1,1,0,1,1,1,1,0,0,0
869,0,0,0,1,1,0,0,0,0,0,0,1,1,0
870,0,0,0,0,0,0,1,1,0,0,0,1,1,0
871,1,1,0,0,0,0,0,0,0,0,0,1,1,0
872,0,1,1,0,1,1,1,1,0,0,0,1,1,0
873,0,0,0,0,1,1,0,0,0,0,0,1,1,0
874,0,0,0,1,1,0,0,0,0,0,0,1,1,0
875,0,0,1,1,0,0,0,0,0,0,0,1,1,0
876,0,1,1,0,0,0,0,0,0,0,0,0,0,0
877,0,1,1,0,0,0,0,0,0,0,0,1,1,0
878,0,0,0,0,0,0,0,0,0,0,1,1,1,0
879,0,0,0,0,0,0,0,0,0,0,0,1,1,0
880,1,1,0,0,0,0,0,0,0,0,0,1,1,0
881,0,1,1,0,0,0,0,0,0,0,0,1,1,0
882,0,1,1,0,1,1,1,0,0,0,0,1,1,0
883,0,1,1,0,0,0,0,0,0,0,0,1,1,0
884,0,0,0,0,0,1,1,0,0,0,0,1,1,0
885,0,0,1,1,0,0,0,0,0,0,0,1,1,0
886,1,1,0,0,1,1,0,0,0,0,0,1,1,0
887,0,1,1,0,0,0,0,0,0,0,0,1,1,0
888,0,0,1,1,0,0,0,0,0,0,0,1,1,0
889,1,1,1,0,0,0,0,0,0,0,0,1,1,0
890,0,0,1,1,0,0,1,1,0,0,0,1,1,0
891,0,1,1,0,1,1,1,1,1,1,0,1,1,0
892,0,0,1,1,0,0,0,0,0,0,0,1,1,0
893,1,0,0,0,0,0,0,0,0,0,0,0,0,0
894,0,1,1,0,1,1,1,1,0,1,1,1,1,0
895,0,0,0,0,1,1,0,0,0,0,0,1,1,0
896,0,1,1,0,0,0,0,0,0,0,0,0,0,0
897,1,1,0,0,1,1,0,0,0,0,0,1,1,0
898,1,1,0,0,0,0,0,0,0,0,0,1,1,0
899,1,1,1,0,0,0,0,1,1,0,0,0,0,0
900,0,0,1,1,0,0,0,0,0,0,0,0,0,0
901,1,0,0,0,0,0,0,0,0,0,0,0,0,0
902,1,1,0,0,1,1,0,0,0,0,0,1,1,0
903,1,1,0,0,0,0,0,0,0,0,0,1,1,0
904,0,0,1,1,0,0,1,1,0,0,0,0,0,0
905,1,1,1,0,0,0,0,0,0,0,0,0,0,0
906,1,1,1,1,0,0,0,0,0,0,0,1,1,0
907,0,0,0,1,1,0,0,0,0,0,0,1,1,0
908,1,1,0,0,0,1,1,1,0,0,1,1,1,0
909,1,1,0,0,0,1,1,1,0,0,0,1,1,0
910,0,0,0,0,1,1,0,0,0,0,0,1,1,0
911,1,1,0,0,0,0,0,0,0,0,0,0,0,0
912,1,1,1,0,0,0,0,0,0,0,0,0,0,0
913,1,1,1,0,0,0,0,0,0,0,0,1,1,0
914,1,1,0,0,0,0,0,0,0,0,0,1,1,0
915,0,1,1,0,0,0,1,1,0,0,0,1,1,0
916,1,1,0,0,0,1,1,0,0,0,1,1,0,0
917,0,0,1,1,0,0,0,0,0,0,0,0,0,0
918,0,0,0,0,0,0,1,1,0,0,0,1,1,0
919,0,1,1,0,0,0,0,0,0,0,0,1,1,0
920,0,0,1,1,0,0,0,0,0,0,0,1,1,1
921,1,1,0,0,0,0,0,0,0,0,0,0,0,0
922,0,0,1,1,0,0,0,0,0,0,0,1,1,0
923,0,1,1,0,0,0,0,0,0,0,0,0,0,0
924,0,1,1,0,1,1,0,0,0,0,0,1,1,0
925,0,0,0,1,1,0,0,0,0,0,0,1,1,0
926,0,1,1,0,1,1,1,1,0,0,0,1,1,0
927,0,1,1,0,0,0,1,1,0,0,0,1,1,0
928,0,0,0,0,0,0,0,1,1,0,0,0,0,0
929,0,0,0,0,1,1,0,0,0,0,0,0,0,0
930,0,0,1,1,1,1,0,0,0,0,0,1,1,1
931,0,0,0,1,1,0,0,0,0,0,0,1,1,0
932,0,0,0,0,0,0,0,0,0,1,1,0,0,0
933,0,0,0,1,1,0,0,0,0,0,0,1,1,0
934,0,0,1,1,0,0,0,0,0,0,0,0,0,0
935,0,0,1,1,0,0,0,0,0,0,0,1,1,0
936,0,0,1,1,0,0,0,0,0,0,0,1,1,0
937,0,0,1,1,0,0,0,0,0,0,0,1,1,0
938,0,1,1,0,0,0,0,0,0,0,0,1,1,0
939,1,1,0,0,0,0,0,0,0,0,0,0,0,0
940,1,1,0,0,0,0,0,0,0,0,0,0,0,0
941,0,0,0,0,0,0,1,1,0,0,0,1,1,0
942,1,1,0,0,0,0,0,0,0,0,0,1,1,0
943,1,1,0,0,0,0,0,0,0,1,1,0,0,0
944,0,0,1,1,0,0,0,0,0,0,0,1,1,0
945,0,0,1,1,0,0,0,0,0,0,0,1,1,0
946,0,1,1,0,0,0,0,0,0,0,0,1,1,0
947,1,1,0,0,1,1,0,0,0,0,0,1,1,0
948,1,1,1,0,0,0,1,1,0,1,1,0,0,0
949,0,0,1,1,0,0,0,0,0,0,0,1,1,0
950,0,0,0,0,0,0,0,0,0,1,1,1,1,0
951,0,0,0,0,1,1,1,1,0,0,0,1,1,0
952,0,0,0,0,1,1,0,0,0,0,0,0,0,0
953,0,0,0,0,1,1,0,0,0,0,0,1,1,0
954,1,0,0,0,0,0,0,0,0,0,0,1,1,0
955,0,0,0,0,1,1,0,0,0,0,0,1,1,0
956,0,0,0,1,1,0,0,0,0,0,0,1,1,0
957,1,1,1,0,1,1,0,0,0,0,0,1,1,0
958,1,1,0,0,0,0,0,0,0,0,0,0,0,0
959,1,1,0,0,0,1,1,1,0,0,0,1,1,0
960,1,1,0,0,1,1,0,0,0,0,0,1,1,0
961,0,0,0,0,0,0,0,0,0,0,1,1,1,0
962,1,0,0,0,0,1,1,0,0,0,0,0,0,0
963,0,0,0,1,1,0,0,0,0,0,0,1,1,0
964,1,1,0,0,0,0,0,0,0,0,0,0,0,0
965,1,1,0,0,0,0,0,1,1,0,0,0,0,0
966,0,0,1,1,1,0,0,0,0,0,0,1,1,0
967,0,0,1,1,0,0,0,0,0,0,0,1,1,0
968,0,0,1,1,0,0,0,0,0,0,0,1,1,0
969,0,0,0,1,1,0,0,0,0,0,0,1,1,0
970,0,1,1,0,0,1,1,1,0,0,0,0,0,0
971,0,1,1,1,0,0,0,0,0,0,0,1,1,0
972,0,1,1,0,0,0,0,0,0,1,1,1,1,0
973,0,0,0,0,0,1,1,0,0,0,1,1,0,0
974,1,1,0,0,0,1,1,1,0,0,0,1,1,0
975,1,1,0,0,0,1,1,1,0,1,1,0,0,0
976,0,0,1,1,0,0,0,0,0,0,0,1,1,0
977,0,0,1,1,0,0,0,0,0,0,0,1,1,0
978,1,1,0,0,0,0,0,0,0,0,0,1,1,0
979,0,1,1,0,0,0,0,0,0,1,1,1,1,0
980,0,0,0,0,0,0,0,0,0,0,0,1,1,0
981,0,0,0,0,1,1,1,1,0,0,0,1,1,0
982,1,1,1,1,0,0,0,0,0,0,1,1,1,0
983,0,1,1,1,0,0,0,0,0,0,0,1,1,0
984,1,1,0,0,0,0,0,0,0,0,0,0,0,0
985,1,1,0,0,0,0,1,1,0,0,0,1,1,0
986,0,0,0,1,1,0,0,0,0,0,0,1,1,0
987,0,0,1,1,1,0,0,0,0,0,0,1,1,0
988,0,0,1,1,0,0,0,0,0,0,0,1,1,0
989,0,0,0,0,0,0,0,0,0,0,0,1,1,0
990,1,1,0,0,0,0,0,0,0,0,0,0,0,0
991,0,0,0,0,0,0,0,0,0,1,1,0,0,0
992,0,1,1,0,0,0,0,0,0,0,0,1,1,0
993,0,0,0,1,1,0,0,0,0,0,0,1,1,0
994,1,1,0,0,1,1,0,0,0,0,0,1,1,0
995,0,0,1,1,0,0,0,0,0,0,0,1,1,0
996,1,0,1,1,0,0,0,0,0,0,0,1,1,0
997,0,0,1,1,0,0,0,0,0,1,1,1,1,0
998,0,0,0,0,0,0,0,0,0,0,1,1,1,0
999,1,1,0,0,0,0,0,0,0,0,0,0,0,0
1000,1,1,0,0,0,0,0,0,0,0,0,0,0,0
1001,0,1,1,0,0,0,0,0,0,0,0,1,1,0
1002,1,1,1,1,0,0,0,0,0,0,0,1,1,0
1003,0,0,0,0,0,0,1,1,1,0,0,1,1,0
1004,0,0,0,0,1,1,0,0,0,0,0,1,1,0
1005,1,1,0,0,0,0,0,0,0,0,0,0,0,0
1006,0,0,1,1,0,0,0,0,0,0,0,1,1,0
1007,0,0,0,1,1,0,0,0,0,0,0,1,1,0
1008,1,1,0,0,0,0,0,0,0,0,0,1,1,0
1009,0,0,0,0,0,0,0,0,0,1,1,0,0,0
1010,0,0,1,1,0,0,0,0,0,0,0,0,0,0
1011,0,0,1,1,0,0,0,0,0,0,0,0,0,0
1012,1,1,0,0,0,0,0,0,0,0,0,1,1,0
1013,0,0,0,0,1,1,0,0,0,0,0,1,1,0
1014,0,1,1,0,0,0,0,0,0,0,0,0,0,0
1015,1,1,0,0,1,1,0,0,0,0,0,0,0,0
1016,0,0,1,1,0,0,0,0,0,0,0,1,1,0
1017,0,0,0,1,1,0,0,0,0,0,0,1,1,0
1018,0,0,1,1,1,1,0,0,0,0,0,1,1,0
1019,0,0,1,1,0,0,0,0,0,0,0,1,1,0
1020,1,1,1,0,1,1,0,0,0,0,0,1,1,0
1021,0,0,0,0,0,0,0,0,0,1,1,1,1,0
1022,1,1,0,0,0,0,0,0,0,0,0,1,1,0
1023,0,0,1,1,1,1,0,0,0,0,0,1,1,0
1024,0,1,1,0,0,0,0,0,0,0,0,1,1,0
1025,0,0,0,1,1,0,0,0,0,0,0,1,1,0
1026,1,1,0,0,0,1,1,1,0,0,0,1,1,0
1027,1,0,0,0,0,0,0,0,0,0,0,0,0,0
1028,0,0,0,0,0,0,1,1,0,0,0,1,1,0
1029,0,0,0,0,1,1,0,0,0,0,0,1,1,0
1030,0,0,1,1,0,0,0,0,0,0,0,1,1,0
1031,0,0,0,0,1,1,0,0,0,0,0,0,0,0
1032,0,0,1,1,0,0,0,0,0,0,0,1,1,0
1033,1,1,1,1,0,0,0,0,0,0,0,1,1,0
1034,0,1,1,0,0,0,0,0,0,0,0,1,1,0
1035,1,1,1,1,0,0,0,0,0,0,0,1,1,0
1036,1,1,0,0,0,1,1,1,0,0,1,1,1,0
1037,0,1,1,0,0,0,1,1,0,0,0,0,0,0
1038,0,0,0,0,1,1,0,0,0,0,0,1,1,0
1039,0,1,1,1,0,0,0,0,0,0,0,1,1,0
1040,0,1,1,0,0,0,1,1,1,0,0,1,1,0
1041,1,1,1,0,1,1,0,0,0,0,0,1,1,0
1042,1,1,0,1,1,0,0,0,0,0,0,1,1,0
1043,0,0,0,1,1,0,0,0,0,0,0,1,1,0
1044,1,1,0,0,1,1,0,0,0,0,0,0,0,0
1045,1,1,0,0,0,1,1,0,0,0,0,0,0,0
1046,0,0,1,1,0,0,0,0,0,0,0,1,1,0
1047,1,1,0,0,0,0,0,0,0,0,0,1,1,0
1048,1,1,0,0,0,0,0,0,0,0,0,1,1,0
1049,0,0,0,1,1,0,0,0,0,0,0,1,1,0
1050,0,0,0,0,0,0,1,1,0,0,0,0,0,0
1051,1,1,0,0,0,0,0,1,1,0,0,0,0,0
1052,0,0,0,1,1,0,0,0,0,0,0,1,1,0
1053,0,0,0,0,0,0,0,0,1,1,1,1,1,0
1054,0,0,1,1,0,0,0,0,0,0,0,1,1,0
1055,0,1,1,1,0,0,0,0,0,0,0,1,1,0
1056,1,1,0,0,0,0,0,0,0,0,0,1,1,0
1057,0,0,0,0,0,0,1,1,0,0,0,0,0,0
1058,1,1,1,1,0,0,0,0,0,0,0,1,1,0
1059,0,0,0,0,0,0,0,0,0,0,0,1,1,0
1060,0,1,1,1,0,0,0,0,0,0,0,0,0,0
1061,0,0,0,0,0,0,0,0,0,1,1,0,0,0
1062,0,1,1,0,0,0,0,0,0,0,0,1,1,0
1063,1,0,0,0,0,0,0,0,0,0,0,1,1,0
1064,1,0,0,0,0,0,0,0,0,0,0,0,0,0
1065,0,1,1,0,0,0,0,0,0,0,0,0,0,0
1066,1,1,1,0,0,0,0,0,0,0,0,1,1,0
1067,0,0,0,0,1,1,0,0,0,0,0,0,0,0
1068,0,0,1,1,0,0,0,0,0,0,0,1,1,0
1069,1,1,0,0,0,0,0,0,0,0,0,1,1,0
1070,0,0,1,1,0,0,0,0,0,0,0,0,0,0
1071,0,0,0,0,0,0,1,1,0,0,0,1,1,0
1072,0,0,0,0,1,1,0,0,0,0,0,0,0,0
1073,0,0,1,1,0,0,0,0,0,0,0,1,1,0
1074,1,0,0,0,0,0,0,0,0,0,0,1,1,0
1075,1,1,1,0,1,1,0,0,0,0,0,1,1,0
1076,0,0,1,1,0,0,0,0,0,0,0,1,1,0
1077,0,0,1,1,0,0,0,0,0,0,0,1,1,0
1078,1,1,0,0,1,1,0,0,0,0,0,1,1,0
1079,0,1,1,0,0,0,0,0,0,1,1,1,1,0
1080,0,0,0,1,1,0,0,0,0,0,0,1,1,0
1081,0,0,0,1,1,0,0,0,0,0,0,1,1,0
1082,0,0,0,1,1,0,0,0,0,0,0,1,1,0
1083,0,0,0,0,0,0,0,0,0,0,0,1,1,0
1084,0,1,1,1,0,0,0,0,0,0,0,0,0,0
1085,0,0,0,1,1,0,0,0,0,0,0,1,1,0
1086,0,0,0,0,0,1,1,1,0,0,1,1,1,0
1087,0,0,0,0,0,0,0,0,0,0,1,1,0,0
1088,0,0,0,1,1,0,0,0,0,0,0,1,1,0
1089,1,1,0,0,0,0,0,0,0,0,0,1,1,0
1090,1,1,0,1,1,0,0,0,0,0,0,1,1,0
1091,0,0,1,1,0,0,0,0,0,0,0,1,1,0
1092,0,0,0,0,0,0,1,1,0,0,0,1,1,0
1093,0,0,1,1,0,0,0,0,0,0,0,1,1,0
1094,1,1,0,0,0,0,0,0,0,0,0,1,1,0
1095,1,0,0,0,0,0,0,0,0,0,0,1,1,0
1096,0,1,1,0,0,0,0,0,0,0,0,1,1,0
1097,1,1,0,0,1,1,0,0,0,0,0,0,0,0
1098,1,1,0,0,0,0,0,0,0,0,0,0,0,0
1099,0,0,1,1,0,0,0,0,0,0,0,1,1,0
1100,0,1,1,1,0,0,0,0,0,0,0,0,0,0
1101,0,0,0,0,0,0,1,1,0,0,0,1,1,0
1102,1,1,0,0,0,0,0,0,0,0,0,1,1,0
1103,0,0,1,1,0,0,0,0,0,0,0,1,1,0
1104,1,0,0,0,0,1,1,1,0,0,0,1,1,0
1105,1,1,0,0,0,1,1,1,0,0,0,1,1,0
1106,0,0,0,0,0,0,0,0,0,1,1,0,0,0
1107,0,1,1,0,0,0,0,0,0,0,0,1,1,0
1108,0,0,0,0,1,1,1,1,0,0,0,1,1,0
1109,0,0,0,0,0,1,1,0,0,0,0,0,0,0
1110,0,0,1,1,0,0,0,0,0,0,0,0,0,0
1111,0,1,1,0,0,0,0,0,0,0,0,0,0,0
1112,0,1,1,0,1,1,0,0,0,0,0,1,1,0
1113,1,1,0,0,0,0,0,0,0,1,1,1,1,0
1114,0,0,0,0,1,1,0,0,0,1,1,1,1,0
1115,1,1,1,1,0,0,0,0,0,0,0,1,1,0
1116,0,0,0,0,0,1,1,1,0,0,0,1,1,0
1117,0,1,1,0,0,0,0,0,0,0,0,0,0,0
1118,1,1,0,0,0,0,0,0,0,0,0,1,1,0
1119,0,1,1,0,0,0,0,0,0,0,0,1,1,0
1120,1,1,0,0,0,0,0,0,0,0,0,1,1,0
1121,0,0,0,1,1,0,0,0,0,0,0,1,1,0
1122,1,0,0,0,0,0,0,0,0,0,0,1,1,0
1123,0,0,1,1,0,0,0,0,0,0,0,1,1,0
1124,1,0,0,0,0,0,0,0,0,0,0,0,0,0
1125,0,0,0,1,1,0,0,0,0,0,0,1,1,0
1126,1,1,0,0,0,0,0,0,0,1,1,1,1,0
1127,1,1,0,0,0,0,0,0,0,0,0,0,0,0
1128,0,0,1,1,0,0,0,0,0,0,0,1,1,0
1129,0,1,1,0,0,0,0,0,0,0,0,1,1,0
1130,1,1,1,1,0,0,0,0,0,0,0,1,1,0
1131,0,0,0,0,0,1,1,1,0,0,1,1,1,0
1132,0,0,0,1,1,0,0,0,0,0,0,1,1,0
1133,0,0,0,0,0,0,0,0,0,1,1,0,0,0
1134,1,1,1,1,0,0,0,0,0,0,0,1,1,0
1135,0,1,1,0,0,0,0,0,0,1,1,0,0,0
1136,0,1,1,0,0,0,0,0,0,1,1,1,1,0
1137,1,1,1,1,0,0,0,0,0,0,0,1,1,0
1138,0,0,1,1,0,0,0,0,0,0,0,0,0,0
1139,1,0,0,0,0,0,0,0,0,0,0,0,0,0
1140,0,0,0,0,0,1,1,0,0,0,1,1,1,0
1141,0,0,1,1,0,0,0,0,0,0,0,0,0,0
1142,1,1,1,0,0,0,0,1,1,1,1,0,0,0
1143,0,0,0,0,0,0,0,1,1,0,0,0,0,0
1144,0,0,0,0,0,0,0,0,0,1,1,1,1,0
1145,0,1,1,0,0,0,0,0,0,1,1,1,1,0
1146,0,1,1,0,0,0,0,0,0,1,1,1,1,0
1147,0,0,0,1,1,0,0,0,0,0,0,1,1,0
1148,0,0,1,1,0,0,0,0,0,0,0,1,1,0
1149,0,0,0,0,0,1,1,1,0,0,1,1,1,0
1150,0,0,0,0,0,0,0,0,0,1,1,1,1,0
1151,1,0,0,0,0,0,0,0,0,0,0,0,0,0
1152,0,0,0,0,1,1,1,1,0,0,0,1,1,0
1153,0,0,0,0,1,1,0,0,0,0,0,1,1,0
1154,0,0,0,0,1,1,0,0,0,0,0,1,1,0
1155,0,0,1,1,0,0,0,0,0,0,0,0,0,0
1156,1,1,1,0,0,0,0,1,1,0,0,0,0,0
1157,1,1,0,0,0,0,0,0,0,0,1,1,1,0
1158,1,1,1,1,0,0,0,0,0,0,0,1,1,0
1159,0,0,0,0,0,0,0,0,0,1,1,0,0,0
1160,0,0,0,1,1,0,0,0,0,0,0,1,1,0
1161,0,0,1,1,0,0,0,0,0,0,0,0,0,0
1162,0,1,1,0,0,0,0,0,0,0,0,0,0,0
1163,0,0,0,0,1,1,0,0,1,1,0,1,1,0
1164,1,1,1,1,0,0,0,0,0,0,0,1,1,0
1165,1,1,0,0,0,0,0,0,0,0,0,1,1,0
1166,0,0,0,0,0,0,1,1,0,0,0,1,1,0
1167,0,0,0,0,1,1,0,1,1,0,0,1,1,0
1168,0,0,0,1,1,0,0,0,0,0,0,1,1,0
1169,0,0,0,1,1,0,0,0,0,0,0,1,1,0
1170,0,0,0,1,1,0,0,0,0,0,0,1,1,0
1171,0,0,0,0,1,1,0,1,1,0,0,1,1,0
1172,0,0,1,1,0,0,1,1,0,0,0,0,0,0
1173,1,0,0,0,0,0,0,0,0,0,0,1,1,0
1174,0,1,1,0,0,0,0,0,0,1,1,1,1,0
1175,0,0,0,1,1,0,0,0,0,0,0,1,1,0
1176,0,0,1,1,0,0,0,0,0,0,0,1,1,0
1177,0,0,1,1,0,0,0,0,0,0,0,1,1,0
1178,0,1,1,0,1,1,0,0,0,0,0,1,1,0
1179,0,1,1,1,0,0,0,0,0,0,0,1,1,0
1180,0,0,1,1,0,0,0,0,0,0,0,1,1,0
1181,1,0,1,1,0,0,0,0,0,0,0,1,1,0
1182,0,1,1,0,0,0,0,1,1,1,0,0,0,0
1183,1,1,0,0,1,1,0,0,0,0,0,1,1,0
1184,0,0,0,0,1,1,1,1,0,0,0,1,1,0
1185,1,1,0,0,0,0,0,0,0,0,0,1,1,0
1186,0,0,0,1,1,0,0,0,0,0,0,1,1,0
1187,0,0,0,1,1,0,0,0,0,0,0,1,1,0
1188,0,0,0,0,1,1,0,0,0,0,0,1,1,0
1189,0,0,0,1,1,0,0,0,0,0,0,1,1,0
1190,0,1,1,0,0,0,0,0,0,0,0,1,1,0
1191,0,1,1,0,0,0,0,0,0,0,0,1,1,0
1192,0,0,0,0,0,1,1,1,1,0,0,0,0,0
1193,1,1,0,0,1,1,0,0,0,0,0,1,1,0
1194,1,1,0,0,0,0,0,0,0,0,0,1,1,0
1195,0,0,0,0,0,0,0,0,0,1,1,0,0,0
1196,0,0,0,1,1,0,0,0,0,0,0,1,1,0
1197,0,0,1,1,0,0,0,0,0,0,0,1,1,0
1198,1,0,0,0,0,1,1,0,0,0,0,0,0,0
1199,0,0,0,1,1,0,0,0,0,0,0,1,1,0
1200,0,0,0,0,1,1,0,0,0,0,0,1,1,0
1201,0,0,1,1,0,0,0,0,0,0,0,1,1,0
1202,0,1,1,0,1,1,0,0,0,0,0,0,0,0
1203,1,1,1,1,0,0,0,0,0,0,0,1,1,0
1204,0,0,0,0,0,0,0,1,1,0,0,0,0,0
1205,0,1,1,0,0,0,0,0,0,0,0,1,1,0
1206,0,0,0,1,1,0,0,0,0,0,0,1,1,0
1207,0,1,1,0,0,0,0,0,0,0,0,0,0,0
1208,0,0,1,1,0,0,0,0,0,0,1,1,1,0
1209,1,1,0,0,0,0,0,0,0,0,0,1,1,0
1210,0,1,1,0,0,0,0,0,0,0,0,0,0,0
1211,0,1,1,0,0,0,0,0,0,0,0,1,1,0
1212,0,0,0,0,1,1,0,0,0,0,0,0,0,0
1213,1,1,0,0,0,0,0,1,1,0,0,0,0,0
1214,0,0,0,0,0,0,1,1,0,0,0,0,0,0
1215,0,0,0,1,1,0,0,0,0,0,0,1,1,0
1216,0,0,0,0,1,1,0,0,0,0,0,1,1,0
1217,0,0,0,0,1,1,1,1,0,0,0,1,1,0
1218,0,1,1,1,1,0,0,0,0,0,0,1,1,0
1219,0,0,0,0,1,1,0,0,0,0,0,1,1,0
1220,1,1,0,0,0,0,0,0,0,0,0,1,1,0
1221,0,0,0,0,1,1,0,0,0,0,0,1,1,0
1222,0,1,1,0,0,0,0,0,0,1,1,0,0,0
1223,0,0,1,1,0,0,0,0,0,0,0,1,1,0
1224,1,1,0,0,0,0,0,0,0,0,0,0,0,0
1225,0,1,1,0,0,0,0,0,0,0,0,1,1,0
1226,0,0,0,0,1,1,0,0,0,0,0,0,0,0
1227,0,0,1,1,1,1,0,0,0,1,1,0,0,0
1228,0,0,0,0,1,1,0,0,0,0,0,1,1,0
1229,1,1,0,0,0,0,0,0,0,0,0,0,0,0
1230,0,1,1,1,1,1,0,0,0,0,0,1,1,0
1231,1,1,0,0,0,0,0,0,0,0,0,1,1,0
1232,0,0,0,0,1,1,0,0,0,0,0,1,1,0
1233,0,0,1,1,0,0,0,0,0,0,0,1,1,0
1234,0,0,0,0,0,0,1,1,0,0,0,0,0,0
1235,1,1,1,1,0,0,0,0,0,0,0,1,1,0
1236,0,1,1,0,0,0,0,0,0,0,0,1,1,0
1237,1,1,0,0,0,0,0,0,0,0,0,1,1,0
1238,1,1,0,0,0,1,1,0,0,0,0,0,0,0
1239,1,1,1,1,0,0,0,1,1,0,0,0,0,0
1240,0,1,1,0,0,0,1,1,0,0,0,1,1,0
1241,0,0,1,1,0,0,0,0,0,0,0,1,1,1
1242,0,0,1,1,0,0,0,0,0,0,0,1,1,0
1243,0,1,1,0,0,0,0,0,0,0,0,1,1,0
1244,1,1,0,0,0,0,0,0,0,0,0,1,1,0
1245,1,1,0,0,0,0,0,0,0,0,0,1,1,0
1246,0,0,1,1,0,0,0,0,0,0,0,1,1,0
1247,0,0,1,1,0,0,0,0,0,0,0,1,1,0
1248,0,0,1,1,0,0,0,0,0,0,0,1,1,0
1249,1,1,0,0,0,1,1,0,0,0,0,0,0,0
1250,0,0,0,0,1,1,0,0,0,0,0,1,1,0
1251,0,0,0,0,1,1,0,0,0,0,0,0,0,0
1252,0,1,1,0,0,0,0,0,0,0,0,1,1,0
1253,0,1,1,0,0,0,0,0,0,1,1,1,1,0
1254,1,1,0,0,0,0,0,0,0,1,1,1,1,0
1255,0,0,1,1,0,0,0,0,0,0,0,1,1,0
1256,1,0,0,0,0,1,1,1,0,0,0,1,1,0
1257,1,1,0,0,0,0,0,0,0,0,0,1,1,0
1258,0,0,0,1,1,0,0,0,0,0,0,1,1,0
1259,1,1,0,0,0,0,0,0,0,0,0,1,1,0
1260,0,0,0,0,0,0,0,0,0,1,1,0,0,0
1261,0,0,1,1,1,0,0,0,0,0,0,1,1,1
1262,1,1,1,0,0,0,0,0,0,0,0,1,1,0
1263,0,1,1,0,1,1,0,0,0,1,1,1,1,0
1264,0,1,1,1,0,0,0,0,0,0,0,1,1,0
1265,1,1,0,0,0,0,0,0,0,0,0,1,1,0
1266,0,0,0,0,1,1,1,1,0,0,0,0,0,0
1267,0,0,0,0,0,0,0,0,0,1,1,0,0,0
1268,0,0,1,1,1,1,0,0,0,0,0,1,1,0
1269,1,0,0,0,0,0,0,0,0,0,0,1,1,0
1270,0,1,1,1,1,1,0,0,0,0,0,1,1,0
1271,0,0,0,1,1,0,0,0,0,0,0,1,1,0
1272,0,0,0,0,1,1,0,0,0,0,0,1,1,0
1273,0,1,1,1,0,0,0,0,0,1,1,1,1,0
1274,0,0,0,0,0,0,1,1,0,0,0,1,1,0
1275,0,1,1,0,0,0,0,0,1,1,0,1,1,0
1276,0,0,0,0,0,0,0,0,0,0,0,1,1,0
1277,0,0,0,0,0,0,0,0,0,1,1,0,0,0
1278,0,0,1,1,0,0,1,1,0,0,0,1,1,0
1279,1,1,0,0,1,1,0,0,1,1,0,1,1,0
1280,1,1,0,0,0,0,0,0,0,0,0,1,1,0
1281,1,1,0,1,1,0,0,0,0,0,0,1,1,0
1282,0,1,1,1,0,0,0,0,0,0,0,1,1,0
1283,0,0,0,1,1,0,0,0,0,0,0,1,1,0
1284,1,1,0,0,0,0,0,0,0,0,0,0,0,0
1285,1,1,0,0,0,0,0,0,0,0,0,1,1,0
1286,0,1,1,0,0,0,0,0,0,0,0,1,1,0
1287,1,1,0,0,0,0,0,0,0,1,1,1,1,0
1288,0,0,0,0,1,1,0,0,0,0,0,1,1,0
1289,0,0,0,1,1,0,0,0,0,0,0,1,1,0
1290,0,1,1,0,0,0,0,1,1,0,0,0,0,0
1291,0,1,1,0,0,0,0,0,0,0,0,0,0,0
1292,0,0,0,1,1,0,0,0,0,0,0,1,1,0
1293,1,1,0,0,0,1,1,1,0,0,0,1,1,0
1294,0,1,1,0,0,0,0,1,1,1,1,1,1,0
1295,0,0,1,1,0,0,0,0,0,0,0,0,0,0
1296,0,1,1,0,1,1,0,1,1,0,0,1,1,0
1297,1,0,0,0,0,1,1,0,0,0,0,1,1,0
1298,0,1,1,0,0,0,1,1,0,0,0,1,1,0
1299,0,1,1,0,1,1,0,0,0,0,0,0,0,0
1300,0,0,0,0,0,1,1,1,0,0,1,1,1,0
1301,0,1,1,0,0,0,0,0,0,0,0,0,0,0
1302,0,1,1,0,0,0,0,0,0,0,0,0,0,0
1303,1,1,0,0,0,1,1,0,0,0,0,1,1,0
1304,0,0,0,1,1,0,0,0,0,0,0,1,1,0
1305,0,0,1,1,0,0,0,0,0,0,0,1,1,0
1306,0,0,0,0,0,0,1,1,0,0,0,1,1,0
1307,0,1,1,1,0,0,0,0,0,0,0,1,1,0
1308,0,1,1,0,0,0,0,0,1,1,0,1,1,0
1309,1,0,0,0,0,0,0,0,0,1,1,0,0,0
1310,1,0,0,0,0,0,0,0,0,0,0,0,0,0
1311,0,0,0,1,1,0,0,0,0,0,0,1,1,0
1312,0,0,1,1,0,0,0,0,0,0,0,1,1,0
1313,0,0,1,1,0,0,0,0,0,0,0,1,1,0
1314,0,1,1,0,1,1,0,0,0,0,0,0,0,0
1315,0,0,0,0,1,1,1,0,0,0,0,0,0,0
1316,0,0,0,0,1,1,0,0,0,0,0,0,0,0
1317,1,1,0,0,0,1,1,0,0,1,1,1,1,0
1318,1,1,1,0,0,0,0,0,0,0,0,1,1,0
1319,0,1,1,0,0,0,0,0,0,1,1,0,0,0
1320,0,0,0,0,0,0,0,0,0,1,1,1,1,0
1321,0,0,1,1,0,0,0,0,0,0,0,1,1,0
1322,1,1,1,0,0,0,0,0,0,0,0,0,0,0
1323,1,1,0,0,0,0,0,0,0,0,0,0,0,0
1324,1,1,1,0,0,0,0,0,0,0,0,1,1,0
1325,0,0,0,0,1,1,0,0,0,0,0,1,1,0
1326,0,0,0,0,1,1,1,1,0,0,0,1,1,0
1327,0,0,0,0,1,1,1,1,0,0,0,1,1,0
1328,0,0,0,0,0,0,1,1,0,0,0,1,1,0
1329,0,0,0,1,1,0,0,0,0,0,0,1,1,0
1330,0,0,1,1,0,0,0,0,0,0,0,1,1,0
1331,1,1,0,0,0,0,0,0,0,0,0,1,1,0
1332,0,0,0,0,1,1,0,0,0,0,0,1,1,0
1333,1,1,0,0,0,1,1,1,0,0,0,1,1,0
1334,0,0,1,1,0,0,0,0,0,0,0,1,1,1
1335,0,1,1,0,0,0,0,0,0,0,0,1,1,0
1336,0,0,0,0,0,1,1,1,0,0,1,1,1,0
1337,0,0,0,0,0,0,1,1,0,0,0,1,1,0
1338,0,0,1,1,0,0,0,0,0,0,0,1,1,1
1339,0,1,1,0,0,0,0,0,0,0,0,1,1,0
1340,1,1,0,0,0,0,0,0,0,0,0,1,1,0
1341,0,1,1,0,0,0,0,0,0,0,0,1,1,0
1342,0,0,0,1,1,0,0,0,0,0,0,1,1,0
1343,1,1,0,0,0,0,0,0,0,0,0,0,0,0
1344,0,1,1,0,0,0,0,0,0,0,0,0,0,0
1345,0,1,1,0,1,1,1,1,0,1,1,1,1,0
1346,1,1,0,0,0,1,1,1,0,0,1,1,1,0
1347,1,1,0,0,0,0,0,0,0,0,0,1,1,0
1348,0,1,1,1,0,0,0,0,0,0,0,1,1,0
1349,0,0,0,1,1,0,0,0,0,0,0,1,1,0
1350,0,0,1,1,0,0,0,0,0,0,0,1,1,0
1351,0,1,1,1,0,0,0,0,0,0,0,1,1,0
1352,0,0,0,0,1,1,0,1,1,0,0,1,1,0
1353,1,1,0,0,0,0,0,0,0,0,0,0,0,0
1354,0,0,0,0,1,1,0,0,0,0,0,0,0,0
1355,0,0,0,1,1,0,0,0,0,0,0,1,1,0
1356,0,0,0,1,1,0,0,0,0,0,0,1,1,0
1357,0,0,0,1,1,0,0,0,0,0,0,1,1,0
1358,1,1,0,0,0,0,0,0,0,0,0,0,0,0
1359,0,0,0,0,0,0,0,0,0,0,0,1,1,0
1360,0,0,0,0,1,1,0,0,0,1,1,1,1,0
1361,0,0,0,0,1,1,1,1,0,0,0,1,1,0
1362,1,1,0,0,0,0,0,0,0,0,0,1,1,0
1363,0,0,0,0,0,1,1,0,0,0,1,1,1,0
1364,0,1,1,0,0,0,1,1,0,0,0,1,1,0
1365,0,0,0,0,0,1,1,0,0,0,1,1,0,0
1366,0,0,1,1,0,0,0,0,0,0,0,1,1,0
1367,0,0,0,0,1,1,0,0,0,1,1,1,1,0
1368,0,0,1,1,0,0,0,0,0,0,0,1,1,0
1369,1,1,0,0,1,1,0,0,0,0,0,0,0,0
1370,0,0,0,0,0,1,1,1,0,0,1,1,1,0
1371,0,0,1,1,0,0,0,0,0,0,0,1,1,0
1372,0,0,1,1,1,1,0,0,0,0,0,1,1,0
1373,0,0,1,1,0,0,1,1,0,0,0,1,1,0
1374,1,1,1,0,0,0,0,0,0,0,0,1,1,0
1375,1,1,1,1,0,0,0,0,0,0,0,1,1,0
1376,0,0,0,0,0,0,0,0,0,1,1,0,0,0
1377,0,0,0,0,0,0,1,1,0,0,0,1,1,0
1378,0,1,1,0,0,0,0,0,0,0,0,1,1,0
1379,1,0,0,0,0,0,0,0,0,0,0,0,0,0
1380,0,0,0,1,1,0,0,0,0,0,0,1,1,0
1381,0,0,0,0,1,1,1,1,0,0,0,1,1,0
1382,1,0,0,0,0,0,0,0,0,0,0,1,1,0
1383,1,1,0,0,0,0,0,0,0,0,0,0,0,0
1384,1,0,0,0,0,0,0,0,0,0,0,1,1,0
1385,0,1,1,0,0,0,0,0,0,0,0,1,1,0
1386,0,0,0,0,0,0,0,0,0,1,1,1,1,0
1387,0,1,1,0,1,1,0,0,0,1,1,1,1,0
1388,0,1,1,0,0,0,0,0,0,0,0,1,1,0
1389,0,1,1,0,0,0,0,0,0,1,1,1,1,0
1390,0,1,1,0,1,1,0,0,0,1,1,1,1,0
1391,0,0,0,0,0,0,1,1,0,0,0,1,1,0
1392,0,0,0,0,1,1,0,0,0,1,1,1,1,0
1393,1,1,1,0,0,0,0,1,1,0,0,0,0,0
1394,0,0,1,1,0,0,0,0,0,0,1,1,1,0
1395,0,1,1,0,0,0,0,1,1,0,0,1,1,0
1396,0,0,0,0,0,1,1,1,0,0,1,1,1,0
1397,0,0,0,0,0,0,1,1,0,0,0,1,1,0
1398,0,0,0,0,0,0,0,1,1,0,0,0,0,0
1399,0,0,0,0,0,0,0,0,0,1,1,1,1,0
1400,0,0,0,1,1,0,0,0,0,0,0,1,1,0
1401,0,0,1,1,0,0,0,0,0,0,0,0,0,0
1402,1,1,1,1,0,0,0,0,0,0,0,1,1,0
1403,1,1,0,0,1,1,0,0,0,0,0,1,1,0
1404,0,0,0,1,1,0,0,0,0,0,0,0,0,0
1405,0,0,0,0,0,0,0,0,0,0,0,1,1,0
1406,1,1,0,1,1,0,0,0,0,0,0,1,1,0
1407,1,0,0,0,0,1,1,1,0,0,0,1,1,0
1408,0,0,0,0,1,1,0,0,0,0,0,1,1,0
1409,1,1,1,1,0,0,0,0,0,0,0,1,1,0
1410,0,0,0,1,1,0,0,0,0,0,0,1,1,0
1411,1,1,0,0,0,0,0,0,0,0,0,1,1,0
1412,0,0,1,1,0,0,0,0,0,0,0,1,1,0
1413,1,1,0,1,1,0,0,0,0,0,0,1,1,0
1414,1,1,0,0,0,0,0,0,0,0,0,0,0,0
1415,1,1,0,0,0,0,0,0,0,0,0,0,0,0
1416,0,1,1,0,0,0,0,0,0,1,1,1,1,0
1417,0,0,0,0,1,1,0,0,0,0,0,1,1,0
1418,1,1,0,0,0,0,0,0,0,1,1,1,1,0
1419,1,1,0,0,0,0,0,0,0,0,0,0,0,0
1420,1,1,0,0,0,0,0,0,0,0,0,1,1,0
1421,1,0,0,0,0,0,0,0,0,0,0,0,0,0
1422,1,1,0,0,0,0,0,0,0,0,0,1,1,0
1423,1,1,0,0,0,0,0,0,0,0,0,1,1,0
1424,0,1,1,0,0,0,0,0,0,1,1,1,1,0
1425,1,1,0,0,0,0,0,0,0,0,0,1,1,0
1426,0,0,0,0,1,1,1,1,0,0,0,1,1,0
1427,0,0,0,1,1,0,0,0,0,0,0,1,1,0
1428,0,1,1,0,0,0,1,1,0,0,0,1,1,0
1429,0,0,0,1,1,0,0,0,0,0,0,1,1,0
1430,0,1,1,0,0,0,1,1,0,0,0,1,1,0
1431,0,0,0,1,1,0,0,0,0,0,0,1,1,0
1432,0,0,1,1,0,0,1,1,0,0,0,1,1,0
1433,0,0,0,1,1,0,0,0,0,0,0,1,1,0
1434,1,0,0,0,0,0,0,0,0,0,0,0,0,0
1435,0,0,1,1,0,0,0,0,0,0,0,1,1,0
1436,0,0,1,1,0,0,0,0,0,0,0,1,1,0
1437,0,0,0,1,1,0,0,0,0,0,0,1,1,0
1438,0,1,1,1,0,0,0,0,0,0,0,1,1,0
1439,0,0,0,0,0,0,0,0,0,1,1,1,1,0
1440,0,0,0,1,1,0,0,0,0,0,0,0,0,0
1441,0,0,0,0,0,0,0,0,0,0,0,1,1,0
1442,1,1,0,0,0,0,0,0,0,0,0,0,0,0
1443,0,1,1,1,0,0,1,1,0,0,0,1,1,0
1444,0,1,1,0,0,0,0,0,0,0,0,0,0,0
1445,1,0,0,0,0,0,0,0,0,0,0,1,1,0
1446,0,0,1,1,0,0,0,0,0,0,0,1,1,0
1447,0,1,1,0,0,0,0,0,0,1,1,0,0,0
1448,0,0,0,0,1,1,0,0,0,0,0,1,1,0
1449,0,0,0,0,1,1,0,0,0,0,0,1,1,0
1450,1,1,0,0,0,0,0,0,0,0,0,0,0,0
1451,0,0,0,1,1,0,0,0,0,0,0,1,1,0
1452,1,1,0,0,0,0,0,0,0,0,0,1,1,0
1453,0,1,1,0,0,0,0,0,0,0,0,1,1,0
1454,0,1,1,0,0,0,0,0,0,0,0,1,1,0
1455,0,0,0,0,0,0,0,0,0,1,1,1,1,0
1456,0,1,1,0,0,0,1,1,0,0,0,1,1,0
1457,1,1,0,0,0,0,0,0,0,0,0,0,0,0
1458,0,1,1,0,1,1,0,0,0,1,1,1,1,0
1459,1,0,0,0,0,0,0,0,0,0,0,1,1,0
1460,1,1,0,0,0,0,0,0,0,0,0,1,1,0
1461,0,0,1,1,0,0,0,0,0,0,0,1,1,0
1462,0,0,0,1,1,0,0,0,0,0,0,1,1,0
1463,0,1,1,1,1,0,0,0,0,0,0,1,1,0
1464,0,1,1,0,0,0,0,0,0,0,0,0,0,0
1465,0,0,0,0,1,1,0,0,0,0,0,1,1,0
1466,0,1,1,0,0,0,0,0,0,0,0,0,0,0
1467,0,0,1,1,1,1,0,0,0,0,0,0,0,0
1468,1,1,0,0,0,1,1,1,0,0,1,1,1,0
1469,1,1,0,0,0,0,0,0,0,0,0,1,1,0
1470,0,0,0,1,1,0,0,0,0,0,0,1,1,0
1471,1,1,1,1,0,0,0,0,0,1,1,1,1,0
1472,1,1,0,1,1,0,0,0,0,0,0,1,1,0
1473,0,0,0,0,0,0,1,1,0,0,0,1,1,0
1474,0,0,1,1,0,0,0,0,0,0,0,0,0,0
1475,1,1,1,0,1,1,0,1,1,0,0,1,1,0
1476,1,1,0,0,1,1,0,0,0,0,0,1,1,0
1477,0,0,0,1,1,0,0,0,0,0,0,1,1,0
1478,0,0,0,0,1,1,1,1,1,0,0,1,1,0
1479,1,1,1,1,0,0,0,0,0,0,0,1,1,0
1480,1,1,0,0,1,1,0,0,0,0,0,1,1,0
1481,0,0,0,0,0,0,1,1,0,0,0,1,1,0
1482,0,1,1,0,0,0,0,0,0,0,0,1,1,0
1483,0,0,1,1,0,0,0,0,0,0,0,1,1,0
1484,0,0,0,0,0,0,0,0,0,0,1,1,1,0
1485,0,0,1,1,0,0,0,0,0,0,0,1,1,0
1486,1,1,0,0,0,0,0,0,0,0,0,1,1,0
1487,1,1,0,0,1,1,0,0,0,0,0,1,1,0
1488,1,1,0,0,0,0,0,0,0,0,0,0,0,0
1489,1,1,0,0,0,0,0,0,0,0,0,1,1,0
1490,0,0,0,0,0,1,1,1,0,0,0,1,1,0
1491,0,0,0,0,1,1,0,0,0,0,0,0,0,0
1492,1,1,0,0,0,0,0,0,0,0,0,1,1,0
1493,1,0,0,0,0,0,0,0,0,0,0,1,1,0
1494,0,0,0,0,1,1,0,0,0,0,0,0,0,0
1495,1,1,0,0,0,0,0,0,0,0,0,0,0,0
1496,1,1,0,0,1,1,0,0,0,0,0,1,1,0
1497,0,0,0,0,1,1,1,1,0,0,0,1,1,0
1498,0,1,1,0,0,0,0,0,0,0,0,1,1,0
1499,0,0,0,0,1,1,1,1,0,0,0,0,0,0
1500,1,1,0,0,0,0,1,1,0,0,0,1,1,0
1501,0,0,0,0,1,1,0,0,0,1,1,1,1,0
1502,0,0,0,0,0,0,0,0,0,1,1,1,1,0
1503,0,1,1,0,0,0,0,0,0,0,0,0,0,0
1504,1,1,1,0,0,0,0,1,1,0,0,1,1,0
1505,0,0,1,1,0,0,0,0,0,0,0,1,1,0
1506,0,0,0,0,1,1,0,0,0,0,0,1,1,0
1507,1,1,0,0,0,1,1,1,0,0,0,1,1,0
1508,1,1,0,0,0,0,0,0,0,0,0,1,1,0
1509,1,1,0,0,0,1,1,1,0,0,0,1,1,0
1510,0,0,0,1,1,1,0,0,0,0,0,1,1,0
1511,0,0,0,0,0,0,0,1,1,1,1,0,0,0
1512,1,1,1,1,0,0,0,0,0,0,0,0,0,0
1513,1,1,1,1,0,0,0,0,0,1,1,1,1,0
1514,0,1,1,0,0,0,1,1,0,0,0,1,1,0
1515,0,1,1,0,0,0,0,0,0,0,0,1,1,0
1516,0,0,1,1,0,0,0,0,0,0,0,0,0,1
1517,0,0,0,0,0,0,1,1,0,0,0,1,1,0
1518,0,0,1,1,0,0,0,0,0,0,0,0,0,0
1519,1,0,0,0,0,0,0,0,0,0,0,1,1,0
1520,0,0,0,0,1,1,0,0,0,0,0,1,1,0
1521,1,1,0,0,0,0,0,0,0,0,0,0,0,0
1522,0,0,0,0,0,1,1,1,0,1,1,1,1,0
1523,0,0,0,1,1,0,0,0,0,0,0,1,1,0
1524,1,1,0,0,1,1,1,0,0,0,0,1,1,0
1525,0,1,1,1,0,0,0,0,0,0,0,1,1,0
1526,0,0,0,1,1,0,0,0,0,0,0,1,1,0
1527,0,0,1,1,0,0,0,1,1,0,0,0,0,0
1528,1,1,0,0,0,0,0,0,0,0,0,1,1,0
1529,0,1,1,0,0,0,0,0,0,0,0,0,0,0
1530,0,0,0,0,1,1,0,0,0,0,0,1,1,0
1531,0,0,1,1,0,0,0,0,0,1,1,1,1,0
1532,0,0,0,0,1,1,0,0,0,0,0,1,1,0
1533,0,0,0,0,1,1,0,0,0,1,1,1,1,0
1534,1,0,0,0,0,0,0,0,0,0,0,1,1,0
1535,0,0,1,1,0,0,0,0,0,0,0,1,1,0
1536,0,1,1,0,0,0,0,0,0,0,0,0,0,0
1537,0,0,1,1,0,0,0,0,0,0,0,1,1,0
1538,1,0,0,0,1,1,0,0,0,0,0,1,1,0
1539,0,1,1,1,0,0,0,0,0,0,0,0,0,0
1540,0,0,1,1,0,0,0,0,0,0,0,1,1,0
1541,0,0,0,0,0,0,1,1,0,0,0,0,0,0
1542,0,0,0,0,0,1,1,0,0,0,1,1,0,0
1543,0,0,0,0,1,1,0,0,0,0,0,1,1,0
1544,1,1,0,0,0,0,0,0,0,0,0,1,1,0
1545,0,1,1,0,0,0,0,0,0,1,1,1,1,0
1546,0,0,0,0,1,1,0,0,0,0,0,1,1,0
1547,0,0,0,1,1,0,0,0,0,0,0,1,1,0
1548,1,1,0,0,0,0,0,0,0,1,1,0,0,0
1549,1,1,0,0,0,0,0,0,0,0,0,0,0,0
1550,0,0,0,0,1,1,0,0,0,0,0,1,1,0
1551,0,0,0,0,1,1,1,1,0,0,0,0,0,0
1552,1,1,0,0,1,1,0,0,0,0,0,0,0,0
1553,0,0,0,1,1,0,0,0,0,0,0,1,1,0
1554,0,1,1,1,0,0,0,0,0,0,0,1,1,0
1555,1,1,0,0,0,0,0,0,0,0,0,1,1,0
1556,0,0,0,0,0,1,1,0,0,1,1,1,1,0
1557,0,0,1,1,0,0,1,1,0,0,0,1,1,0
1558,0,0,0,0,1,1,0,0,0,0,1,1,1,0
1559,0,0,0,0,1,1,0,0,0,0,0,1,1,0
1560,0,1,1,0,0,0,0,0,0,0,0,0,0,0
1561,1,1,0,0,0,0,0,0,0,0,0,0,0,0
1562,1,1,1,1,0,0,0,0,1,1,0,1,1,0
1563,1,1,0,0,0,1,1,0,0,0,0,1,1,0
1564,1,1,0,0,0,0,0,0,0,0,0,0,0,0
1565,1,1,0,0,0,1,1,0,0,0,0,1,1,0
1566,1,0,0,0,0,0,0,0,0,0,0,1,1,0
1567,0,0,1,1,1,1,0,0,0,0,0,1,1,0
1568,0,0,0,1,1,0,0,0,0,0,0,1,1,0
1569,0,0,1,1,0,0,0,0,0,0,0,1,1,0
1570,1,1,0,0,0,0,0,0,0,0,0,0,0,0
1571,0,1,1,0,0,0,0,0,0,0,0,1,1,0
1572,0,1,1,0,0,0,0,0,0,0,0,1,1,0
1573,0,0,0,1,1,0,0,0,0,0,0,1,1,0
1574,0,0,0,1,1,0,0,0,0,0,0,1,1,0
1575,1,1,0,0,0,0,0,0,0,0,0,0,0,0
1576,1,0,0,0,0,1,1,1,0,0,0,1,1,0
1577,0,0,0,0,0,0,0,0,0,1,1,1,1,0
1578,0,1,1,0,0,0,0,0,0,0,0,1,1,0
1579,0,1,1,0,0,0,0,0,0,0,0,0,0,0
1580,1,1,0,0,0,0,0,1,1,0,0,0,0,0
1581,0,0,1,1,0,0,0,0,0,0,0,1,1,0
1582,1,1,0,0,0,1,1,1,0,0,0,1,1,0
1583,0,0,1,1,0,0,0,0,0,1,1,1,1,0
1584,0,0,1,1,0,0,0,0,0,0,0,1,1,0
1585,1,1,0,0,0,0,0,1,1,0,0,0,0,0
1586,0,0,0,1,1,0,0,0,0,0,0,1,1,0
1587,1,1,0,0,0,0,0,0,0,0,0,1,1,0
1588,0,0,0,1,1,0,0,0,0,0,0,1,1,0
1589,0,0,1,1,0,0,0,0,0,0,0,1,1,0
1590,0,0,1,1,0,0,0,0,0,0,0,1,1,0
1591,1,1,0,0,0,0,0,0,0,0,0,1,1,0
1592,0,0,0,1,1,0,0,0,0,0,0,1,1,0
1593,1,0,0,0,0,0,0,0,0,0,0,0,0,0
1594,1,1,1,0,0,0,0,0,0,0,0,1,1,0
1595,1,1,0,0,0,0,0,0,0,0,0,1,1,0
1596,0,0,0,0,0,1,1,0,0,0,1,1,1,0
1597,1,1,1,1,0,0,0,0,0,0,0,1,1,0
1598,0,1,1,0,1,1,0,0,0,0,0,1,1,0
1599,0,0,0,0,1,1,1,1,0,0,0,1,1,0
1600,0,0,0,0,0,0,0,1,1,0,0,0,0,0
1601,0,0,0,0,1,1,1,1,0,0,1,1,1,0
1602,0,0,1,1,0,0,0,0,0,0,0,1,1,0
1603,1,0,0,0,0,0,0,0,0,0,0,0,0,0
1604,0,0,1,1,0,0,0,0,0,0,0,1,1,0
1605,0,0,0,0,0,0,0,0,0,1,1,0,0,0
1606,1,1,0,0,0,0,0,0,0,0,0,0,0,0
1607,1,1,0,0,0,1,1,1,0,0,1,1,1,0
1608,0,0,0,0,1,1,0,1,1,0,0,1,1,0
1609,1,1,0,0,1,1,0,0,0,0,0,1,1,0
1610,1,1,0,0,1,1,0,0,0,0,0,0,0,0
1611,0,0,1,1,0,0,0,0,0,0,0,1,1,0
1612,0,0,0,0,1,1,1,1,0,0,0,1,1,0
1613,0,0,1,1,1,1,0,0,0,0,0,1,1,0
1614,0,0,0,0,0,1,1,0,0,1,1,1,1,0
1615,0,0,0,1,1,0,0,0,0,0,0,1,1,0
1616,0,0,1,1,0,0,0,0,0,0,0,1,1,0
1617,1,1,0,0,0,0,0,0,0,0,0,1,1,0
1618,1,0,0,0,0,0,0,0,0,0,0,1,1,0
1619,1,1,1,0,0,0,0,1,1,0,0,1,1,0
1620,1,1,1,1,0,0,0,0,0,0,0,1,1,0
1621,0,1,1,1,0,0,0,0,0,0,0,1,1,0
1622,0,1,1,0,0,0,1,1,0,0,0,1,1,0
1623,1,1,0,0,0,0,0,0,0,0,0,1,1,0
1624,0,0,0,1,1,0,0,0,0,0,0,1,1,0
1625,1,1,1,1,0,0,0,0,0,0,0,1,1,0
1626,0,0,0,0,1,1,0,0,0,0,0,1,1,0
1627,0,0,1,1,0,0,0,0,0,0,0,1,1,0
1628,0,0,1,1,0,0,0,0,0,0,0,0,0,0
1629,0,0,0,0,1,1,1,1,0,0,0,1,1,0
1630,0,0,0,1,1,0,0,0,0,0,0,1,1,0
1631,0,0,1,1,0,0,0,0,0,0,0,1,1,0
1632,1,0,0,0,0,0,0,1,1,0,0,0,0,0
1633,0,0,0,1,1,0,0,0,0,0,0,1,1,0
1634,1,1,0,0,1,1,0,0,0,0,0,1,1,0
1635,0,0,0,0,1,1,0,0,0,0,0,1,1,0
1636,1,1,0,0,0,0,0,0,0,0,0,1,1,0
1637,0,1,1,0,0,0,0,0,0,1,1,1,1,0
1638,0,1,1,0,0,0,0,0,0,0,0,1,1,0
1639,1,1,1,1,0,0,0,0,0,0,0,1,1,0
1640,0,0,0,0,1,1,1,1,0,0,0,1,1,0
1641,0,1,1,0,0,0,0,0,0,1,1,1,1,0
1642,1,0,0,0,0,0,0,0,0,0,0,1,1,0
1643,1,1,0,0,0,0,0,0,0,0,0,0,0,0
1644,0,1,1,1,1,0,0,0,0,0,0,1,1,0
1645,1,1,1,0,0,0,0,1,1,0,0,0,0,0
1646,0,0,0,1,1,0,0,0,0,0,0,1,1,0
1647,1,1,0,0,0,0,0,0,0,0,0,1,1,0
1648,0,1,1,0,0,0,0,0,0,0,0,1,1,0
1649,0,0,1,1,1,0,0,0,0,0,0,1,1,0
1650,0,0,1,1,0,0,0,0,0,0,0,1,1,0
1651,1,1,0,0,0,0,0,0,0,0,0,1,1,0
1652,0,0,0,0,0,0,1,1,0,0,0,1,1,0
1653,1,1,1,0,0,0,0,0,0,0,0,0,0,0
1654,1,0,0,0,0,0,0,0,0,0,0,0,0,0
1655,0,0,0,1,1,0,0,0,0,0,0,1,1,0
1656,0,0,0,0,0,0,1,1,0,0,0,1,1,0
1657,0,1,1,0,0,0,0,0,0,0,0,1,1,0
1658,1,1,0,0,0,0,0,0,0,0,0,0,0,0
1659,1,1,0,0,0,1,1,1,0,0,1,1,1,0
1660,0,0,1,1,0,0,0,0,0,0,0,0,0,0
1661,0,1,1,1,0,0,0,0,0,0,0,1,1,0
1662,0,1,1,1,0,0,0,0,0,0,0,1,1,0
1663,1,0,0,0,0,0,0,0,0,0,0,0,0,0
1664,0,1,1,1,0,0,0,0,0,0,0,1,1,0
1665,0,1,1,0,0,0,0,0,0,0,1,1,1,0
1666,1,0,0,0,0,0,0,0,0,0,0,1,1,0
1667,1,0,0,0,1,1,0,0,0,0,0,1,1,0
1668,0,0,1,1,0,0,0,0,0,0,0,1,1,0
1669,0,0,0,1,1,0,0,0,0,0,0,1,1,0
1670,0,0,1,1,0,0,0,0,0,0,0,1,1,0
1671,0,0,1,1,0,0,0,0,0,0,0,1,1,0
1672,0,1,1,0,0,0,0,0,0,0,0,0,0,0
1673,0,0,0,1,1,0,0,0,0,0,0,1,1,0
1674,1,1,1,0,0,0,0,1,1,1,0,0,0,0
1675,0,0,1,1,0,0,0,0,0,0,0,1,1,0
1676,0,0,1,1,0,0,0,0,0,0,0,0,0,0
1677,1,1,0,0,1,1,0,0,0,0,1,1,1,0
1678,0,0,0,1,1,0,0,0,0,0,0,1,1,0
1679,0,1,1,0,0,1,1,0,0,0,1,1,0,0
1680,1,1,0,0,0,0,0,0,0,0,0,0,0,0
1681,0,1,1,1,0,0,0,0,0,1,1,1,1,0
1682,0,1,1,0,1,1,1,1,0,0,0,1,1,0
1683,0,0,1,1,1,1,1,1,0,0,0,1,1,0
1684,1,1,0,0,0,0,0,0,0,0,0,0,0,0
1685,0,1,1,0,1,1,1,1,0,0,0,1,1,0
1686,0,0,0,0,0,0,0,1,1,1,1,1,1,0
1687,0,0,1,1,0,0,0,0,0,0,0,1,1,0
1688,1,1,1,1,0,0,0,0,0,0,0,1,1,0
1689,0,0,1,1,0,0,0,0,0,0,0,1,1,0
1690,0,0,0,0,1,1,1,1,1,0,0,1,1,0
1691,0,0,0,0,0,0,0,1,1,0,0,0,0,0
1692,1,0,0,0,0,1,1,0,0,0,0,0,0,0
1693,0,0,0,1,1,0,0,0,0,0,0,1,1,0
1694,0,0,1,1,1,1,0,0,0,0,0,1,1,0
1695,0,1,1,1,0,0,0,0,0,0,0,1,1,0
1696,0,0,0,0,1,1,0,0,0,0,0,1,1,0
1697,0,0,1,1,0,0,0,0,0,0,0,1,1,1
1698,1,1,0,0,0,0,0,0,0,0,0,0,0,0
1699,1,1,0,0,1,1,0,0,0,0,0,0,0,0
1700,1,0,1,1,0,0,0,0,0,0,0,1,1,0
1701,0,0,1,1,0,0,0,0,0,1,1,1,1,0
1702,1,1,0,0,0,0,0,0,0,0,0,0,0,0
1703,0,0,0,0,1,1,0,0,0,0,0,0,0,0
1704,0,0,1,1,1,0,0,0,0,0,0,0,0,0
1705,0,1,1,1,1,1,0,0,0,1,1,1,1,0
1706,0,1,1,0,0,0,0,0,0,0,0,1,1,0
1707,0,1,1,0,1,1,0,0,0,0,0,1,1,0
1708,1,1,0,0,0,0,0,0,0,0,0,1,1,0
1709,0,1,1,1,0,0,0,1,1,0,0,1,1,0
1710,0,0,0,1,1,0,0,0,0,0,0,1,1,0
1711,0,1,1,0,0,0,0,0,0,0,0,1,1,0
1712,1,1,1,1,0,0,0,1,1,0,0,1,1,0
1713,0,1,1,0,1,1,0,0,0,0,0,1,1,0
1714,0,0,1,1,0,0,0,0,0,0,0,0,0,1
1715,0,0,0,0,0,0,0,0,0,1,1,0,0,0
1716,0,0,0,0,1,1,1,1,0,0,0,1,1,0
1717,0,1,1,0,0,0,0,0,0,0,0,1,1,0
1718,1,1,0,0,0,1,1,1,0,0,0,1,1,0
1719,0,1,1,0,0,0,0,0,0,0,0,0,0,0
1720,0,1,1,0,0,0,0,0,0,0,0,1,1,0
1721,0,0,1,1,0,0,0,0,0,0,0,1,1,0
1722,0,1,1,0,0,0,0,0,0,0,0,1,1,0
1723,0,0,0,1,1,0,0,0,0,0,0,1,1,0
1724,0,1,1,0,0,0,1,1,0,0,0,1,1,0
1725,0,0,0,0,0,1,1,1,0,0,1,1,1,0
1726,1,1,0,0,1,1,0,1,1,0,0,1,1,0
1727,1,0,1,1,0,0,0,0,0,0,0,0,0,0
1728,1,0,0,0,0,0,0,0,0,0,0,1,1,0
1729,1,1,0,0,0,0,0,0,0,0,0,1,1,0
1730,0,1,1,0,0,0,0,0,0,0,0,1,1,0
1731,0,1,1,0,0,0,0,0,0,0,0,0,0,0
1732,1,1,0,0,0,0,0,1,1,0,0,0,0,0
1733,1,1,0,0,1,1,0,0,0,0,0,1,1,0
1734,0,0,0,1,1,0,0,0,0,0,0,1,1,0
1735,0,0,1,1,0,0,0,0,0,0,0,1,1,0
1736,0,0,1,1,0,0,0,0,0,0,0,0,0,0
1737,0,0,0,0,1,1,0,0,0,0,0,1,1,0
1738,0,1,1,1,0,0,0,0,0,0,0,1,1,0
1739,1,1,0,0,0,0,0,0,0,0,0,1,1,0
1740,0,0,1,1,0,0,0,0,0,0,0,1,1,0
1741,1,1,0,0,1,1,0,0,0,0,0,1,1,0
1742,0,0,0,0,0,0,0,1,1,0,0,0,0,0
1743,0,0,0,0,1,1,1,1,0,0,0,1,1,0
1744,0,0,0,1,1,0,0,0,0,0,0,1,1,0
1745,0,0,0,0,0,1,1,1,0,0,0,1,1,0
1746,0,0,0,0,1,1,1,1,0,0,1,1,1,0
1747,1,1,0,0,1,1,0,1,1,0,0,0,0,0
1748,0,0,1,1,0,0,0,1,1,0,0,1,1,0
1749,0,0,0,0,0,0,1,1,1,0,0,1,1,0
1750,1,1,0,0,0,1,1,1,0,0,0,1,1,0
1751,0,0,1,1,0,0,0,0,0,1,1,1,1,0
1752,0,0,0,0,0,0,1,1,0,0,0,1,1,0
1753,0,1,1,0,0,0,0,0,0,0,0,0,0,0
1754,0,0,0,1,1,0,0,0,0,0,0,1,1,0
1755,0,0,0,1,1,0,0,0,0,0,0,1,1,0
1756,1,1,1,1,0,0,0,0,0,0,0,1,1,0
1757,0,0,0,0,1,1,0,0,0,0,0,1,1,0
1758,0,0,0,0,0,0,1,1,0,0,0,1,1,0
1759,0,0,1,1,0,0,0,0,0,0,0,1,1,0
1760,0,0,0,0,1,1,0,0,0,1,1,1,1,0
1761,0,1,1,0,0,0,0,0,0,0,0,1,1,0
1762,0,0,0,1,1,0,0,0,0,0,0,1,1,0
1763,1,1,0,0,0,0,0,0,0,0,0,1,1,0
1764,0,1,1,1,0,0,0,0,0,0,0,1,1,0
1765,1,1,0,0,0,0,0,0,0,0,0,1,1,0
1766,1,1,0,0,0,0,0,0,0,0,0,1,1,0
1767,0,0,0,1,1,0,0,0,0,0,0,1,1,0
1768,0,0,0,0,0,1,1,0,0,0,0,0,0,0
1769,0,1,1,0,0,0,0,0,0,1,1,1,1,0
1770,0,0,0,0,1,1,1,1,0,0,0,0,0,0
1771,0,0,1,1,0,0,0,0,0,0,0,1,1,0
1772,0,0,0,0,0,1,1,0,0,0,0,1,1,0
1773,0,1,1,0,0,0,0,0,0,0,0,0,0,0
1774,0,0,0,0,1,1,0,0,0,0,0,0,0,0
1775,0,1,1,1,0,0,0,0,0,0,0,1,1,0
1776,1,0,0,0,0,1,1,1,0,0,0,1,1,0
1777,0,1,1,1,1,0,0,0,0,0,0,1,1,0
1778,1,0,0,0,0,0,0,1,1,0,0,0,0,0
1779,1,1,0,0,0,0,0,0,0,0,0,0,0,0
1780,0,0,1,1,1,1,0,0,0,0,0,0,0,0
1781,0,0,0,0,1,1,0,0,0,0,0,0,0,0
1782,1,1,1,1,0,0,0,0,0,0,0,1,1,0
1783,0,0,1,1,0,0,0,0,0,0,0,1,1,0
1784,1,0,0,0,0,1,1,1,0,0,1,1,1,0
1785,0,1,1,0,0,0,0,0,0,0,0,0,0,0
1786,0,0,0,0,0,0,0,0,0,1,1,1,1,0
1787,1,1,0,0,0,0,0,0,0,0,0,0,0,0
1788,0,0,1,1,0,0,0,0,0,0,0,1,1,0
1789,1,0,0,0,0,0,0,0,0,0,0,1,1,0
1790,0,1,1,0,0,0,0,0,0,1,1,1,1,0
1791,0,0,0,1,1,0,0,0,0,0,0,1,1,0
1792,0,0,1,1,1,1,0,0,0,1,1,1,1,0
1793,0,0,0,0,0,0,0,0,0,1,1,1,0,0
1794,1,1,0,0,0,0,0,0,0,0,0,1,1,0
1795,0,0,0,0,0,0,0,0,0,1,1,1,1,0
1796,1,1,0,0,0,1,1,1,0,0,0,1,1,0
1797,0,1,1,0,0,0,0,0,0,0,0,0,0,0
1798,0,1,1,0,0,0,0,0,0,0,0,1,1,0
1799,0,0,1,1,0,0,1,1,0,0,0,1,1,0
1800,0,0,0,0,0,0,0,0,0,1,1,1,1,0
1801,0,1,1,1,0,0,0,0,0,0,0,0,0,0
1802,1,1,0,0,0,0,0,0,0,0,0,0,0,0
1803,0,0,0,0,1,1,1,1,0,0,0,1,1,0
1804,0,0,0,1,1,0,0,0,0,0,0,1,1,0
1805,0,0,0,1,1,0,0,0,0,0,0,0,0,0
1806,0,0,1,1,0,0,1,1,0,0,0,1,1,0
1807,0,0,0,0,1,1,0,0,0,0,0,1,1,0
1808,0,0,1,1,0,0,0,0,0,0,0,1,1,0
1809,1,0,1,1,0,0,0,0,0,0,0,1,1,0
1810,0,0,0,0,0,0,1,1,0,0,0,1,1,0
1811,1,0,0,0,0,0,0,0,0,0,0,1,1,0
1812,0,0,0,1,1,0,0,0,0,0,0,1,1,0
1813,0,0,0,0,0,0,0,1,1,0,0,0,0,0
1814,0,0,1,1,0,0,0,0,0,0,0,1,1,0
1815,0,1,1,0,1,1,0,0,0,1,1,1,1,0
1816,1,0,0,0,0,0,0,0,0,0,0,1,1,0
1817,0,0,0,1,1,0,0,0,0,0,0,1,1,0
1818,1,1,0,0,0,0,0,0,0,0,0,1,1,0
1819,0,1,1,1,1,1,0,1,1,1,0,0,0,0
1820,1,1,0,0,0,0,0,0,0,0,0,0,0,0
1821,0,1,1,0,0,0,0,0,0,0,0,0,0,0
1822,1,1,0,0,1,1,0,0,0,0,0,1,1,0
1823,1,1,1,0,1,1,0,0,0,0,0,0,0,0
1824,1,1,0,0,1,1,0,0,0,0,0,1,1,0
1825,1,0,1,1,0,0,0,0,0,0,0,1,1,0
1826,0,1,1,0,0,0,0,0,0,0,0,1,1,0
1827,1,1,0,0,0,0,0,0,0,0,0,0,0,0
1828,0,0,1,1,0,0,0,0,0,0,0,1,1,0
1829,0,0,0,0,0,0,0,0,0,1,1,0,0,0
1830,0,0,0,0,1,1,0,0,0,0,0,1,1,0
1831,0,1,1,0,1,1,0,1,1,1,0,1,1,0
1832,0,0,0,0,0,0,0,0,0,1,1,1,1,0
1833,0,0,1,1,0,0,0,0,0,1,1,1,1,0
1834,0,1,1,0,1,1,1,1,0,1,1,1,1,0
1835,0,1,1,1,0,0,0,0,0,0,0,1,1,0
1836,0,0,0,1,1,0,0,0,0,0,0,1,1,0
1837,0,0,0,0,1,1,0,0,0,0,0,1,1,0
1838,0,0,0,0,0,0,1,1,1,0,0,1,1,0
1839,0,0,0,0,0,0,1,1,0,0,0,1,1,0
1840,0,1,1,0,1,1,0,0,0,1,1,0,0,0
1841,0,0,1,1,0,0,0,0,0,0,0,1,1,0
1842,0,1,1,0,0,0,0,0,0,0,0,0,0,0
1843,0,0,0,0,1,1,0,0,0,0,0,1,1,0
1844,0,0,0,1,1,0,0,0,0,0,0,1,1,0
1845,0,1,1,1,0,0,0,0,0,0,0,1,1,0
1846,0,0,0,0,1,1,1,1,0,0,0,0,0,0
1847,0,0,0,1,1,0,0,0,0,0,0,0,0,0
1848,0,0,0,0,0,0,1,1,0,0,0,1,1,0
1849,0,1,1,0,0,0,0,0,0,0,0,1,1,0
1850,0,0,0,1,1,0,0,0,0,0,0,1,1,0
1851,0,0,1,1,0,0,0,0,0,0,0,0,0,0
1852,1,1,0,0,0,0,0,0,0,0,0,1,1,0
1853,0,0,0,0,0,1,1,0,0,1,1,0,0,0
1854,0,0,1,1,0,0,0,0,0,0,0,1,1,0
1855,1,0,0,0,0,0,0,0,0,0,0,1,1,0
1856,0,1,1,1,0,0,0,0,0,0,0,1,1,0
1857,1,1,0,0,0,0,0,0,0,0,0,1,1,0
1858,0,1,1,0,0,0,0,0,0,0,0,0,0,0
1859,1,1,0,0,0,0,0,0,0,0,0,1,1,0
1860,0,1,1,0,0,0,0,0,0,0,0,0,0,0
1861,0,1,1,0,0,0,0,0,0,0,0,1,1,0
1862,0,0,1,1,0,0,0,0,0,0,0,1,1,0
1863,0,1,1,0,0,0,0,0,0,0,0,1,1,0
1864,0,1,1,1,0,0,0,0,0,0,0,1,1,0
1865,0,0,0,0,1,1,1,1,0,0,0,1,1,0
1866,0,0,0,0,1,1,0,0,0,0,0,0,0,0
1867,0,1,1,0,0,0,0,0,0,0,0,1,1,0
1868,0,1,1,1,0,0,0,0,0,0,0,1,1,0
1869,0,0,0,0,0,0,1,1,0,0,0,1,1,0
1870,0,0,1,1,0,0,1,1,0,0,0,1,1,0
1871,0,0,0,0,0,0,1,1,0,0,0,1,1,0
1872,1,1,0,0,0,0,0,0,0,0,0,1,1,0
1873,1,1,0,0,0,0,0,0,0,0,0,1,1,0
1874,1,1,0,0,0,0,0,1,1,0,0,0,0,0
1875,0,0,0,1,1,0,0,0,0,0,0,1,1,0
1876,0,0,0,1,1,0,0,0,0,0,0,1,1,0
1877,0,0,1,1,0,0,0,0,0,0,1,1,1,0
1878,1,1,0,0,1,1,0,0,0,0,0,0,0,0
1879,0,0,0,0,0,0,0,0,0,1,1,1,1,0
1880,0,1,1,0,0,0,0,0,0,0,1,1,1,0
1881,1,1,0,0,0,1,1,1,0,0,0,1,1,0
1882,0,0,1,1,0,0,0,0,0,0,0,1,1,0
1883,0,0,0,0,1,1,0,0,0,0,0,1,1,0
1884,1,1,1,0,0,0,0,0,0,0,0,0,0,0
1885,0,0,0,0,1,1,1,1,0,0,0,1,1,0
1886,0,1,1,0,0,0,0,1,1,0,0,1,1,0
1887,1,1,0,0,1,1,0,0,0,0,0,0,0,0
1888,0,0,0,0,1,1,0,0,0,0,0,0,0,0
1889,0,0,0,1,1,1,0,0,0,0,0,0,0,0
1890,0,0,1,1,0,0,0,0,0,0,0,1,1,0
1891,0,0,0,1,1,0,0,0,0,0,0,1,1,0
1892,0,1,1,0,0,0,0,0,0,0,0,0,0,0
1893,0,0,0,0,0,1,1,1,0,0,1,1,1,0
1894,0,0,0,1,1,0,0,0,0,0,0,1,1,0
1895,0,0,0,0,0,1,1,0,0,0,1,1,0,0
1896,0,0,0,0,1,1,0,0,0,0,0,1,1,0
1897,0,1,1,0,0,0,0,0,0,0,0,1,1,0
1898,0,1,1,1,0,0,0,0,0,0,0,0,0,0
1899,0,1,1,0,0,0,0,0,0,0,0,1,1,0
1900,0,0,1,1,0,0,0,0,0,0,0,1,1,0
1901,0,0,0,0,1,1,0,0,0,0,0,0,0,0
1902,1,1,0,0,0,0,0,0,0,0,0,0,0,0
1903,1,0,0,0,0,1,1,1,0,0,1,1,1,0
1904,0,0,0,0,0,0,0,0,1,1,1,1,1,0
1905,1,1,0,0,0,0,0,0,0,0,0,1,1,0
1906,0,1,1,1,0,0,0,1,1,0,0,1,1,0
1907,0,0,1,1,0,0,0,0,0,0,0,1,1,0
1908,0,0,0,0,0,0,0,1,1,0,0,0,0,0
1909,0,1,1,0,0,0,0,0,0,0,0,1,1,0
1910,1,1,0,0,0,1,1,0,0,0,0,0,0,0
1911,1,1,0,0,0,0,0,0,0,0,0,1,1,0
1912,1,1,0,0,0,0,0,0,0,0,0,1,1,0
1913,0,0,0,1,1,0,0,0,0,0,0,1,1,0
1914,0,0,0,1,1,0,0,0,0,0,0,1,1,0
1915,0,0,0,0,0,0,0,1,1,0,0,0,0,0
1916,0,0,0,0,0,0,0,0,0,1,1,1,1,0
1917,1,1,0,0,0,0,0,0,0,0,0,1,1,0
1918,0,0,0,0,0,0,1,1,0,0,0,1,1,0
1919,0,1,1,0,0,0,0,1,1,0,0,0,0,0
1920,0,1,1,0,0,0,0,0,0,0,0,1,1,0
1921,0,0,0,1,1,0,0,0,0,0,0,1,1,0
1922,1,1,0,0,0,0,0,0,0,0,0,0,0,0
1923,0,0,0,0,0,0,0,0,0,1,1,1,1,0
1924,0,0,0,0,0,0,1,1,0,0,0,1,1,0
1925,0,0,0,0,0,1,1,1,0,0,1,1,1,0
1926,0,0,0,0,0,1,1,0,0,1,1,0,0,0
1927,0,0,0,0,1,1,0,0,0,0,0,1,1,0
1928,1,1,0,0,0,0,0,0,0,0,0,0,0,0
1929,1,1,0,0,0,0,0,0,0,0,0,0,0,0
1930,0,0,0,1,1,0,0,0,0,0,0,1,1,0
1931,1,0,0,0,0,0,0,0,0,0,0,1,1,0
1932,0,0,0,1,1,0,0,0,0,0,0,1,1,0
1933,0,0,0,0,1,1,0,0,0,0,0,0,0,0
1934,0,0,1,1,0,0,0,0,0,1,1,1,1,0
1935,1,0,0,0,0,0,0,0,0,0,0,1,1,0
1936,0,0,1,1,0,0,0,0,0,0,0,1,1,0
1937,0,0,0,0,0,0,1,1,0,0,0,1,1,0
1938,0,1,1,0,1,1,0,0,0,0,0,0,0,0
1939,0,0,1,1,0,0,0,0,0,0,0,1,1,0
1940,0,0,0,0,1,1,0,0,0,0,0,0,0,0
1941,0,0,1,1,0,0,0,0,0,0,0,1,1,0
1942,1,1,0,0,0,0,0,0,0,0,0,1,1,0
1943,1,1,0,0,0,0,0,0,0,0,0,1,1,0
1944,0,0,0,0,1,1,0,0,0,0,0,1,1,0
1945,0,0,1,1,0,0,0,0,0,1,1,0,0,0
1946,0,0,1,1,0,0,0,0,0,0,0,1,1,0
1947,0,1,1,0,0,0,0,0,0,0,0,1,1,0
1948,0,0,0,1,1,0,0,0,0,0,0,1,1,0
1949,0,0,0,0,0,1,1,0,0,0,1,1,0,0
1950,1,1,0,0,1,1,0,0,0,0,0,1,1,0
1951,0,0,0,1,1,0,0,0,0,0,0,1,1,0
1952,0,0,0,0,0,0,0,0,0,1,1,0,0,0
1953,0,0,0,0,1,1,0,0,0,0,0,1,1,0
1954,1,0,0,0,0,0,0,0,0,0,0,0,0,0
1955,0,0,1,1,0,0,0,0,0,0,0,1,1,1
1956,0,0,1,1,0,0,0,0,0,0,0,1,1,0
1957,0,0,0,0,1,1,0,0,0,0,0,1,1,0
1958,0,0,0,1,1,0,0,0,0,0,0,1,1,0
1959,1,0,0,0,0,0,0,0,0,0,0,0,0,0
1960,1,1,0,0,0,0,0,0,0,0,0,0,0,0
1961,1,1,0,0,0,1,1,1,1,1,0,1,1,0
1962,0,0,0,0,0,0,0,0,0,1,1,1,1,0
1963,0,1,1,0,0,0,0,0,0,0,0,0,0,0
1964,0,0,0,0,0,1,1,1,0,0,0,1,1,0
1965,0,0,1,1,1,1,0,0,0,0,0,1,1,0
1966,0,1,1,1,0,0,1,1,0,0,0,1,1,0
1967,0,0,1,1,1,1,0,0,0,0,0,1,1,0
1968,0,0,1,1,0,0,0,0,0,0,0,1,1,0
1969,0,0,0,1,1,0,0,0,0,0,0,1,1,0
1970,0,0,1,1,1,1,0,0,0,0,0,0,0,0
1971,1,1,0,0,0,1,1,0,0,0,1,1,0,0
1972,0,0,0,0,0,0,0,0,0,1,1,1,1,0
1973,0,0,1,1,0,0,0,0,0,0,0,1,1,0
1974,0,0,0,0,1,1,0,0,0,0,0,0,0,0
1975,0,1,1,1,1,1,0,0,0,1,1,1,1,0
1976,0,0,0,0,1,1,1,1,0,0,0,1,1,0
1977,1,1,0,0,0,0,0,0,0,0,0,0,0,0
1978,1,1,0,0,0,1,1,1,0,0,1,1,1,0
1979,0,0,1,1,0,0,0,0,0,0,0,1,1,0
1980,0,0,0,0,0,1,1,1,0,0,0,1,1,0
1981,0,0,1,1,0,0,0,0,0,0,0,1,1,0
1982,0,0,1,1,0,0,0,0,0,0,0,1,1,0
1983,0,0,0,0,1,1,0,0,0,0,0,1,1,0
1984,0,0,0,0,1,1,1,0,0,0,0,1,1,0
1985,0,1,1,0,1,1,0,1,1,0,0,1,1,0
1986,0,0,1,1,0,0,0,0,0,0,0,1,1,0
1987,0,0,1,1,0,0,0,0,0,0,0,1,1,0
1988,0,0,0,0,0,0,0,0,0,1,1,0,0,0
1989,1,1,0,0,0,0,0,0,0,0,0,1,1,0
1990,0,0,0,1,1,0,0,0,0,0,0,1,1,0
1991,1,1,0,0,0,0,0,0,0,0,0,0,0,0
1992,0,0,1,1,0,0,0,0,0,0,0,0,0,0
1993,0,1,1,0,0,0,0,0,0,0,0,1,1,0
1994,0,0,0,1,1,1,0,0,0,0,0,1,1,0
1995,0,0,1,1,0,0,0,0,0,0,0,0,0,0
1996,0,0,1,1,0,0,0,0,0,1,1,1,1,0
1997,1,0,0,0,0,0,0,0,0,0,0,1,1,0
1998,0,0,0,0,0,0,1,1,1,1,0,0,0,0
1999,0,0,0,0,1,1,1,1,1,0,0,1,1,0
2000,1,1,0,0,0,1,1,1,0,0,0,1,1,0
2001,0,0,0,0,0,1,1,1,0,0,0,1,1,0
2002,1,1,0,0,0,1,1,1,1,0,0,0,0,0
2003,0,1,1,1,0,0,0,0,0,0,0,1,1,0
2004,1,1,0,0,0,0,0,0,0,0,0,1,1,0
2005,0,0,0,0,0,0,0,0,0,1,1,1,1,0
2006,0,0,0,0,1,1,0,0,0,0,0,1,1,0
2007,1,0,0,0,0,0,0,0,0,0,0,1,1,0
2008,1,1,0,0,0,0,0,0,0,0,0,1,1,0
2009,0,1,1,1,0,0,0,0,0,1,1,1,1,0
2010,0,1,1,0,1,1,0,0,0,0,0,0,0,0
2011,0,0,0,0,0,0,0,0,0,0,1,1,0,0
2012,1,1,0,0,0,0,0,0,0,0,0,0,0,0
2013,0,0,0,0,0,1,1,1,0,1,1,1,1,0
2014,0,0,1,1,0,0,0,0,0,0,0,1,1,0
2015,0,0,0,0,0,0,0,1,1,0,0,0,0,0
2016,0,0,1,1,0,0,0,0,0,0,0,1,1,0
2017,0,1,1,0,0,0,1,1,0,0,0,1,1,0
2018,0,0,0,0,1,1,0,0,0,0,0,1,1,0
2019,0,0,1,1,0,0,0,0,0,0,0,1,1,0
2020,0,0,0,1,1,0,0,0,0,0,0,1,1,0
2021,0,0,1,1,0,0,0,0,0,0,0,1,1,0
2022,0,0,1,1,1,1,0,0,0,0,0,1,1,0
2023,0,0,0,1,1,0,0,0,0,0,0,1,1,0
2024,1,1,0,0,0,1,1,1,0,0,0,1,1,0
2025,1,1,0,0,0,0,0,0,1,1,1,1,1,0
2026,1,1,0,0,0,0,0,0,0,0,0,0,0,0
2027,0,0,0,0,0,0,1,1,0,0,0,1,1,0
2028,0,0,1,1,1,1,0,0,0,0,0,0,0,0
2029,1,1,0,0,0,0,0,0,0,0,0,0,0,0
2030,1,0,0,0,0,0,0,0,0,0,0,0,0,0
2031,0,0,1,1,0,0,0,0,0,0,0,0,0,0
2032,1,1,0,0,0,1,1,1,0,0,0,0,0,0
2033,0,0,1,1,0,0,0,0,0,0,0,1,1,0
2034,0,0,1,1,0,0,0,0,0,0,0,1,1,0
2035,0,0,0,1,1,0,0,0,0,0,0,1,1,0
2036,0,1,1,0,0,0,0,0,0,1,1,0,0,0
2037,0,0,0,0,0,0,0,0,0,1,1,1,1,0
2038,0,0,0,0,0,0,0,0,0,0,0,1,1,0
2039,1,1,1,1,0,0,0,0,0,0,0,0,0,0
2040,1,1,0,0,0,0,0,0,0,1,1,1,1,0
2041,1,0,0,0,0,0,0,0,0,0,0,1,1,0
2042,0,1,1,0,0,0,0,0,0,0,0,1,1,0
2043,0,0,0,1,1,0,0,0,0,0,0,1,1,0
2044,0,1,1,0,0,0,0,0,0,0,0,0,0,0
2045,1,1,0,0,0,0,0,0,0,0,0,0,0,0
2046,0,1,1,0,0,0,0,0,0,0,0,1,1,0
2047,1,1,0,0,0,0,0,0,0,0,0,1,1,0
2048,0,1,1,0,0,0,0,0,0,1,1,1,1,0
2049,0,0,0,0,0,1,1,1,0,1,1,1,1,0
2050,0,0,0,0,0,0,1,1,0,0,0,1,1,0
2051,0,0,0,0,0,0,1,1,0,0,0,1,1,0
2052,0,0,1,1,0,0,0,0,0,0,0,0,0,0
2053,1,1,0,0,0,0,0,0,0,0,0,0,0,0
2054,1,1,0,0,0,0,0,0,0,1,1,1,1,0
2055,0,0,0,0,0,0,0,0,0,0,0,1,1,0
2056,1,0,1,1,0,0,0,0,0,0,0,0,0,0
2057,1,0,0,0,0,1,1,0,0,0,0,0,0,0
2058,0,0,0,1,1,0,0,0,0,0,0,1,1,0
2059,0,1,1,0,0,0,0,0,0,1,1,0,0,0
2060,0,0,0,0,0,0,0,1,1,0,0,1,1,0
2061,1,1,0,0,0,1,1,1,0,0,0,1,1,0
2062,0,0,0,1,1,0,0,0,0,0,0,1,1,0
2063,0,1,1,1,0,0,0,0,0,0,0,1,1,0
2064,0,0,0,0,0,0,1,1,1,0,0,0,0,0
2065,1,1,0,0,0,0,0,0,0,0,0,0,0,0
2066,0,0,1,1,0,0,0,0,0,0,0,1,1,0
2067,1,0,0,0,0,0,0,0,0,0,0,0,0,0
2068,0,0,0,0,1,1,1,1,0,0,0,0,0,0
2069,1,0,0,0,0,1,1,1,0,0,0,1,1,0
2070,0,0,1,1,1,0,0,0,0,0,0,0,0,1
2071,1,0,0,0,0,0,0,0,0,0,0,0,0,0
2072,1,0,0,0,0,0,0,0,0,0,0,0,0,0
2073,0,0,0,0,0,0,0,0,0,1,1,1,1,0
2074,0,0,0,0,1,1,1,1,0,0,0,0,0,0
2075,0,1,1,0,0,0,0,0,0,0,0,1,1,0
2076,0,1,1,0,0,0,0,0,0,0,0,0,0,0
2077,0,0,0,0,1,1,1,1,1,0,0,1,1,0
2078,0,1,1,1,0,0,0,0,1,1,0,1,1,0
2079,1,1,1,1,0,0,0,0,0,0,0,1,1,0
2080,0,0,0,0,1,1,1,1,0,0,0,1,1,0
2081,0,0,0,0,0,0,1,1,0,0,0,1,1,0
2082,1,1,0,0,1,1,0,0,0,0,0,1,1,0
2083,1,0,0,0,0,0,0,0,0,0,0,1,1,0
2084,0,0,0,1,1,0,0,0,0,0,0,1,1,0
2085,0,1,1,0,0,0,0,0,0,0,0,1,1,0
2086,0,1,1,0,0,0,0,0,0,0,0,0,0,0
2087,0,0,0,0,1,1,0,0,0,0,0,0,0,0
2088,1,0,0,0,0,0,0,0,0,0,0,0,0,0
2089,1,1,0,0,0,0,0,0,0,0,0,1,1,0
2090,0,0,0,0,0,0,1,1,0,0,0,0,0,0
2091,1,1,0,0,0,0,0,0,0,0,0,1,1,0
2092,1,1,0,0,1,1,0,0,0,0,0,1,1,0
2093,1,1,0,0,0,0,0,0,0,0,0,0,0,0
2094,0,0,1,1,0,0,0,0,0,0,0,1,1,0
2095,0,0,0,1,1,0,0,0,0,0,0,1,1,0
2096,0,0,0,0,0,0,0,0,0,0,0,1,1,0
2097,1,1,1,0,0,0,0,0,0,0,0,1,1,0
2098,0,0,0,0,1,1,1,1,0,0,0,1,1,0
2099,0,1,1,0,0,0,0,0,0,0,0,0,0,0
2100,1,1,0,0,0,0,0,0,0,0,0,0,0,0
2101,0,0,1,1,0,0,0,0,0,0,0,0,0,0
2102,0,0,0,0,1,1,0,0,0,0,0,1,1,0
2103,0,0,0,1,1,0,0,0,0,0,0,1,1,0
2104,0,0,1,1,0,0,0,0,0,0,0,1,1,0
2105,1,0,0,0,0,0,0,0,0,0,0,1,1,0
2106,0,1,1,1,0,0,0,0,0,0,0,1,1,0
2107,1,1,1,1,0,0,0,0,0,0,0,1,1,0
2108,1,0,0,0,0,0,0,0,0,0,0,0,0,0
2109,0,0,1,1,0,0,0,0,0,0,0,1,1,1
2110,0,0,0,0,1,1,0,0,0,0,0,0,0,0
2111,1,0,0,0,0,0,0,0,0,0,0,1,1,0
2112,1,1,1,1,0,0,0,0,0,0,0,1,1,0
2113,0,0,1,1,1,0,0,0,0,0,0,0,0,0
2114,1,1,0,0,0,0,0,0,0,0,0,1,1,0
2115,1,1,0,0,0,0,0,0,0,0,0,0,0,0
2116,1,1,0,0,0,1,1,1,0,0,0,1,1,0
2117,1,1,0,0,0,0,0,0,0,0,0,1,1,0
2118,0,0,0,0,0,0,0,0,0,0,0,1,1,0
2119,0,1,1,0,0,0,0,0,1,1,0,0,0,0
2120,0,0,0,1,1,0,0,0,0,0,0,1,1,0
2121,1,1,0,0,0,0,1,1,0,0,0,1,1,0
2122,1,1,0,0,0,0,0,0,0,0,0,1,1,0
2123,0,0,1,1,0,0,0,0,0,0,0,1,1,0
2124,1,1,0,0,0,1,1,1,0,0,1,1,1,0
2125,0,1,1,0,0,0,0,0,0,0,0,1,1,0
2126,0,0,1,1,0,0,0,0,0,0,0,1,1,0
2127,0,0,1,1,0,0,0,0,0,0,0,0,0,0
2128,0,0,0,1,1,1,0,0,0,0,1,1,1,0
2129,0,0,0,0,1,1,1,1,1,0,0,1,1,0
2130,1,1,0,1,1,1,0,0,0,0,0,1,1,0
2131,1,1,1,1,0,0,0,0,0,0,0,0,0,0
2132,0,0,1,1,0,0,1,1,0,0,0,1,1,0
2133,0,0,0,0,1,1,0,1,1,0,0,1,1,0
2134,0,0,1,1,0,0,0,0,0,0,0,1,1,0
2135,1,1,0,0,0,0,0,0,0,0,0,1,1,0
2136,0,0,0,0,0,0,0,0,0,0,0,1,1,0
2137,0,0,0,0,1,1,0,0,0,0,0,0,0,0
2138,0,0,1,1,0,0,0,0,0,0,0,1,1,0
2139,0,0,0,0,0,0,0,0,0,1,1,1,1,0
2140,1,1,0,0,0,0,0,0,0,0,0,0,0,0
2141,0,0,0,0,0,1,1,1,0,0,1,1,1,0
2142,0,0,1,1,0,0,0,0,0,0,0,0,0,0
2143,0,0,0,1,1,0,0,0,0,0,0,1,1,0
2144,0,1,1,1,0,0,0,0,1,1,1,1,1,0
2145,0,0,0,0,0,0,0,0,0,0,0,1,1,0
2146,1,0,0,0,0,0,0,0,0,0,0,1,1,0
2147,1,1,0,0,0,0,0,0,0,0,0,0,0,0
2148,0,0,0,1,1,0,0,0,0,0,0,1,1,0
2149,0,0,0,0,0,1,1,0,0,1,1,1,1,0
2150,0,1,1,0,0,0,0,0,0,0,0,1,1,0
2151,1,0,1,1,0,0,0,0,0,0,0,1,1,0
2152,0,1,1,0,0,0,0,1,1,1,1,1,1,0
2153,1,1,0,0,0,1,1,1,0,0,0,1,1,0
2154,0,0,0,1,1,0,0,0,0,0,0,1,1,0
2155,1,0,0,0,0,1,1,1,0,0,0,1,1,0
2156,0,0,0,0,0,1,1,1,0,0,1,1,1,0
2157,1,1,0,0,1,1,0,0,0,0,0,1,1,0
2158,0,1,1,0,0,0,0,0,0,0,0,1,1,0
2159,0,0,1,1,0,0,0,0,0,0,0,1,1,0
2160,0,0,0,1,1,0,0,0,0,0,0,0,0,0
2161,0,1,1,0,0,0,0,0,0,0,0,1,1,0
2162,0,1,1,0,0,0,0,0,0,0,0,1,1,0
2163,1,1,0,0,0,0,0,1,1,0,0,1,1,0
2164,0,0,0,1,1,0,0,0,0,0,0,1,1,0
2165,0,1,1,0,0,0,0,0,0,0,0,1,1,0
2166,1,0,0,0,0,0,0,0,0,0,0,0,0,0
2167,1,1,0,0,0,0,0,0,0,0,0,0,0,0
2168,0,0,0,1,1,0,0,0,0,0,0,1,1,0
2169,0,1,1,0,0,0,0,0,0,0,0,1,1,0
2170,0,0,0,1,1,0,0,0,0,0,0,1,1,0
2171,1,1,0,0,0,0,0,0,0,0,0,0,0,0
2172,0,0,1,1,0,0,0,0,0,0,0,1,1,0
2173,0,1,1,1,1,1,0,0,0,0,0,1,1,0
2174,0,1,1,0,0,0,1,1,0,0,0,1,1,0
2175,1,1,0,0,0,0,0,0,0,0,0,0,0,0
2176,0,0,0,1,1,0,0,0,0,0,0,1,1,0
2177,0,0,0,1,1,0,0,0,0,0,0,1,1,0
2178,0,0,1,1,0,0,0,0,0,0,0,0,0,1
2179,1,1,0,0,0,1,1,1,0,0,0,1,1,0
2180,1,1,0,0,0,0,0,0,0,0,0,1,1,0
2181,0,0,1,1,0,0,0,0,0,0,0,1,1,1
2182,0,1,1,0,1,1,1,1,1,1,1,1,1,0
2183,0,1,1,0,0,0,0,0,0,1,1,1,1,0
2184,1,1,0,0,0,0,0,0,0,0,0,0,0,0
2185,1,1,0,0,0,0,0,0,0,0,0,1,1,0
2186,0,1,1,0,0,0,1,1,0,0,0,1,1,0
2187,1,1,0,0,0,0,0,0,0,0,0,1,1,0
2188,0,0,1,1,0,0,0,0,0,0,0,1,1,1
2189,0,0,0,1,1,0,0,0,0,0,0,1,1,0
2190,0,0,0,0,0,1,1,1,0,0,1,1,1,0
2191,0,0,0,1,1,0,0,0,0,0,0,0,0,0
2192,1,0,0,0,0,0,0,0,0,0,0,1,1,0
2193,1,1,0,0,0,1,1,0,0,0,0,0,0,0
2194,0,1,1,0,0,0,0,0,0,0,0,0,0,0
2195,0,0,0,0,0,0,0,0,0,0,0,1,1,0
2196,0,0,0,0,0,0,1,1,0,0,0,1,1,0
2197,0,0,0,1,1,0,0,0,0,0,0,1,1,0
2198,1,1,0,0,0,0,0,0,0,0,0,0,0,0
2199,0,0,0,1,1,0,0,0,0,0,0,0,0,0
2200,1,1,0,0,0,0,0,0,0,0,0,1,1,0
2201,0,0,0,0,1,1,1,1,0,0,0,0,0,0
2202,0,1,1,0,0,0,0,0,0,0,0,1,1,0
2203,1,0,0,0,0,1,1,1,0,0,0,1,1,0
2204,0,0,0,1,1,0,0,0,0,0,0,1,1,0
2205,0,0,0,0,0,0,0,0,0,0,0,1,1,0
2206,1,1,0,0,0,0,0,0,0,0,0,1,1,0
2207,1,1,0,0,0,0,0,0,0,0,0,1,1,0
2208,0,1,1,1,0,0,0,0,0,0,0,1,1,0
2209,0,0,0,0,1,1,0,0,0,0,0,1,1,0
2210,0,0,0,0,1,1,1,1,1,0,0,1,1,0
2211,1,1,0,0,0,0,0,0,0,0,0,1,1,0
2212,0,0,1,1,0,0,0,0,0,1,1,1,0,0
2213,0,0,0,0,1,1,0,0,0,0,0,1,1,0
2214,1,0,0,0,0,1,1,1,0,0,0,1,1,0
2215,0,0,1,1,0,0,0,0,0,0,0,1,1,1
2216,1,1,0,0,0,0,0,0,0,0,0,0,0,0
2217,0,0,0,0,1,1,0,0,0,0,0,0,0,0
2218,1,1,0,0,1,1,0,0,0,0,0,1,1,0
2219,0,0,0,1,1,0,0,0,0,0,0,1,1,0
2220,0,0,1,1,0,0,0,0,0,1,1,1,1,0
2221,1,1,0,0,0,0,0,0,0,0,0,1,1,0
2222,1,1,0,0,0,0,1,1,1,1,0,1,1,0
2223,0,0,0,0,0,0,1,1,0,0,0,1,1,0
2224,1,0,1,1,0,0,0,0,0,0,0,1,1,0
2225,1,1,0,0,0,0,0,0,0,0,0,1,1,0
2226,0,0,0,0,0,0,0,1,1,0,0,0,0,0
2227,1,1,1,1,0,0,0,0,0,0,0,1,1,0
2228,0,0,0,0,0,0,1,1,0,0,0,0,0,0
2229,0,0,0,0,0,1,1,0,0,0,0,1,1,0
2230,0,0,0,0,1,1,1,1,0,0,0,1,1,0
2231,1,1,0,0,0,0,0,0,0,0,0,1,1,0
2232,0,0,0,1,1,0,0,0,0,0,0,1,1,0
2233,1,0,0,0,0,0,1,1,0,0,0,0,0,0
2234,0,0,0,0,1,1,1,1,1,0,0,1,1,0
2235,0,0,1,1,0,0,0,0,0,0,0,1,1,0
2236,1,0,1,1,0,0,0,0,0,0,0,1,1,0
2237,1,0,0,0,0,0,0,1,1,0,0,0,0,0
2238,1,0,0,0,0,0,0,0,0,0,0,0,0,0
2239,0,0,1,1,0,0,0,0,0,0,0,1,1,0
2240,0,0,1,1,0,0,1,1,0,0,0,1,1,0
2241,0,0,0,1,1,0,0,0,0,0,0,1,1,0
2242,1,1,1,1,0,0,0,0,0,0,0,1,1,0
2243,1,1,0,0,1,1,0,0,0,0,0,0,0,0
2244,0,0,1,1,0,0,0,0,0,0,0,1,1,0
2245,0,0,1,1,0,0,0,0,0,0,0,1,1,0
2246,0,0,0,1,1,0,0,0,0,0,0,1,1,0
2247,1,1,0,0,0,0,0,0,0,0,0,0,0,0
2248,0,0,0,0,1,1,0,0,0,0,0,0,0,0
2249,0,0,0,0,1,1,0,0,0,0,0,0,0,0
2250,0,0,1,1,1,0,0,0,0,0,0,1,1,0
2251,1,1,0,0,0,0,0,1,1,0,0,1,1,0
2252,1,1,0,0,0,0,0,0,0,0,0,0,0,0
2253,1,0,0,0,0,0,0,0,0,0,0,1,1,0
2254,0,0,0,1,1,0,0,0,0,0,0,1,1,0
2255,0,0,1,1,0,0,0,0,0,0,0,1,1,0
2256,1,0,1,1,0,0,0,0,0,0,0,1,1,0
2257,0,0,0,0,0,1,1,1,0,0,1,1,1,0
2258,0,0,0,0,0,0,0,0,0,1,1,1,1,0
2259,0,0,1,1,0,0,0,0,0,0,0,1,1,0
2260,1,1,1,1,0,0,0,0,0,0,0,1,1,0
2261,0,0,0,0,1,1,1,1,0,0,0,1,1,0
2262,0,0,0,0,0,0,1,1,0,0,0,1,1,0
2263,1,1,1,1,0,0,0,0,0,0,0,1,1,0
2264,0,0,0,0,0,1,1,1,0,0,0,1,1,0
2265,1,1,1,1,0,0,0,0,0,0,0,1,1,0
2266,0,0,0,0,1,1,0,0,0,0,0,1,1,0
2267,0,1,1,0,0,0,0,0,0,0,0,1,1,0
2268,0,0,0,1,1,0,0,0,0,0,0,1,1,0
2269,0,0,1,1,0,0,0,0,0,0,0,1,1,0
2270,0,0,1,1,0,0,0,0,0,0,0,1,1,0
2271,0,0,0,1,1,0,0,1,1,0,0,1,1,0
2272,0,0,0,1,1,0,0,0,0,0,0,0,0,0
2273,1,1,0,0,0,0,0,0,0,0,0,0,0,0
2274,0,0,0,0,1,1,0,0,0,0,0,1,1,0
2275,1,1,0,0,0,0,0,0,0,1,1,1,1,0
2276,0,0,1,1,0,0,0,0,0,0,0,1,1,0
2277,0,1,1,0,0,0,0,0,0,0,0,0,0,0
2278,0,1,1,1,0,0,0,0,0,0,0,0,0,0
2279,0,0,0,0,0,1,1,1,0,0,0,1,1,0
2280,0,0,0,0,1,1,0,0,0,0,0,1,1,0
2281,0,0,0,0,0,0,1,1,0,0,0,1,1,0
2282,0,0,0,0,0,0,1,1,0,0,0,1,1,0
2283,1,1,0,0,0,0,0,0,0,0,0,1,1,0
2284,1,1,0,0,0,0,1,1,0,0,0,1,1,0
2285,0,1,1,0,0,0,0,0,0,0,0,1,1,0
2286,1,1,1,0,0,0,0,0,0,0,0,1,1,0
2287,0,0,1,1,0,0,0,0,0,0,0,0,0,0
2288,1,1,0,0,1,1,0,0,0,0,0,1,1,0
2289,0,0,0,0,0,0,0,0,0,1,1,1,1,0
2290,1,1,1,1,0,0,0,0,0,0,0,1,1,0
2291,0,0,0,0,1,1,1,1,0,0,0,1,1,0
2292,0,0,0,0,1,1,0,0,0,0,0,1,1,0
2293,0,0,0,0,0,0,1,1,0,0,0,1,1,0
2294,0,0,0,1,1,0,0,0,0,0,0,1,1,0
2295,0,0,1,1,0,0,0,0,0,0,0,1,1,0
2296,0,1,1,0,0,0,0,0,0,0,0,1,1,0
2297,0,0,0,0,0,1,1,0,0,0,0,0,0,0
2298,0,0,1,1,0,0,0,0,0,0,0,0,0,0
2299,1,1,0,0,0,0,0,0,0,0,0,1,1,0
2300,0,0,0,0,1,1,1,1,0,0,0,1,1,0
2301,1,1,0,0,0,1,1,1,0,0,0,1,1,0
2302,1,1,0,0,0,0,0,0,0,0,0,0,0,0
2303,0,0,1,1,0,0,0,0,0,0,0,1,1,0
2304,0,0,0,0,0,0,0,0,0,1,1,0,0,0
2305,1,0,1,1,0,0,0,0,0,0,0,0,0,0
2306,1,1,0,0,1,1,0,0,0,0,0,1,1,0
2307,0,0,0,0,1,1,0,0,0,0,0,1,1,0
2308,1,1,0,0,0,1,1,1,0,0,0,1,1,0
2309,0,0,0,1,1,0,0,0,0,0,0,1,1,0
2310,0,0,0,0,0,0,1,1,0,0,0,1,1,0
2311,0,0,0,0,1,1,0,0,0,0,0,1,1,0
2312,0,0,0,1,1,0,0,0,0,0,0,1,1,0
2313,0,0,1,1,0,0,0,0,0,0,0,1,1,0
2314,0,0,0,0,1,1,0,0,0,0,0,1,1,0
2315,0,0,0,0,1,1,0,0,0,0,0,1,1,0
2316,0,1,1,0,0,0,0,0,0,0,0,0,0,0
2317,0,0,1,1,0,0,0,0,0,0,0,1,1,1
2318,1,1,0,0,0,0,0,0,0,0,0,1,1,0
2319,0,1,1,1,0,0,0,0,0,0,0,1,1,0
2320,1,0,0,0,0,0,0,0,0,0,0,0,0,0
2321,1,1,0,0,1,1,0,0,0,0,0,1,1,0
2322,0,0,0,1,1,0,0,0,0,0,0,1,1,0
2323,0,0,0,0,1,1,1,1,0,0,0,1,1,0
2324,0,0,0,0,0,0,0,1,1,0,0,1,1,0
2325,0,0,1,1,0,0,0,0,0,0,0,1,1,0
2326,1,1,0,0,0,0,0,1,1,0,0,0,0,0
2327,0,0,0,0,1,1,0,0,0,0,0,1,1,0
2328,0,0,1,1,0,0,0,0,0,0,0,0,0,0
2329,0,0,1,1,0,0,0,0,0,0,0,1,1,0
2330,0,0,0,0,0,0,1,1,0,0,0,1,1,0
2331,1,1,1,0,0,0,0,0,0,1,1,1,1,0
2332,0,1,1,1,0,0,0,0,0,0,0,1,1,0
2333,0,0,0,0,0,0,1,1,0,0,0,1,1,0
2334,1,1,1,0,0,0,0,0,0,0,0,1,1,0
2335,0,0,1,1,0,0,0,0,0,0,0,1,1,0
2336,0,1,1,0,0,0,0,0,1,1,0,1,1,0
2337,0,0,0,1,1,0,0,0,0,0,0,0,0,0
2338,1,1,0,0,0,0,0,0,0,0,0,1,1,0
2339,0,0,0,0,0,0,1,1,0,0,0,1,1,0
2340,0,0,0,0,1,1,0,0,0,0,0,1,1,0
2341,1,1,0,0,0,0,0,0,0,0,0,0,0,0
2342,1,1,0,0,1,1,1,1,0,0,0,1,1,0
2343,1,1,0,0,1,1,0,1,1,0,0,1,1,0
2344,1,1,0,0,0,0,0,0,0,1,1,0,0,0
2345,0,0,1,1,1,1,0,0,0,0,0,1,1,0
2346,1,1,0,0,1,1,0,0,0,0,0,1,1,0
2347,0,0,0,0,1,1,1,1,0,0,0,1,1,0
2348,0,0,1,1,0,0,0,1,1,0,0,1,1,0
2349,1,1,0,0,0,0,0,0,0,1,1,0,0,0
2350,0,1,1,0,0,0,0,0,1,1,0,1,1,0
2351,1,1,0,0,0,0,0,0,0,0,0,1,1,0
2352,1,1,0,0,0,0,0,0,0,0,0,1,1,0
2353,0,0,0,0,0,0,1,1,0,0,0,1,1,0
2354,0,1,1,0,0,0,0,0,0,0,0,0,0,0
2355,0,1,1,0,0,0,0,0,1,1,0,0,0,0
2356,0,0,1,1,1,0,0,0,0,0,0,1,1,0
2357,0,0,0,0,1,1,0,0,0,0,0,1,1,0
2358,0,0,0,1,1,0,0,0,0,0,0,1,1,0
2359,0,0,1,1,0,0,0,0,0,0,0,1,1,1
2360,0,0,1,1,0,0,0,0,0,0,0,1,1,0
2361,0,0,0,0,0,0,0,0,0,1,1,0,0,0
2362,0,0,0,0,0,1,1,1,0,0,1,1,0,0
2363,0,0,0,1,1,1,0,0,0,0,0,1,1,0
2364,0,1,1,0,0,0,0,0,0,1,1,1,1,0
2365,1,1,0,0,0,0,0,0,0,0,0,0,0,0
2366,0,0,0,0,0,0,0,0,0,1,1,1,1,0
2367,0,0,1,1,1,0,0,0,0,0,0,1,1,0
2368,0,0,1,1,0,0,0,0,0,0,0,1,1,0
2369,0,1,1,1,0,0,0,0,0,0,0,1,1,0
2370,1,1,0,0,0,1,1,1,0,0,1,1,1,0
2371,1,1,0,0,0,0,0,0,0,0,0,0,0,0
2372,0,0,0,1,1,0,0,0,0,0,0,1,1,0
2373,0,1,1,0,0,0,0,0,0,0,0,1,1,0
2374,0,1,1,0,0,0,0,0,0,0,0,0,0,0
2375,0,0,1,1,0,0,0,1,1,0,0,0,0,1
2376,0,0,0,0,1,1,0,0,0,0,0,0,0,0
2377,1,1,0,0,0,0,0,0,0,0,0,0,0,0
2378,0,0,1,1,0,0,0,0,0,0,0,1,1,0
2379,0,1,1,0,1,1,0,0,0,1,1,1,1,0
2380,0,1,1,0,0,0,0,0,0,0,0,0,0,0
2381,0,0,1,1,0,0,0,0,0,0,0,0,0,0
2382,0,0,0,1,1,0,0,0,0,0,0,1,1,0
2383,1,1,0,0,0,0,0,0,0,0,0,1,1,0
2384,0,0,0,1,1,0,0,0,0,0,0,1,1,0
2385,0,1,1,0,0,0,0,0,0,0,0,1,1,0
2386,0,0,0,0,0,1,1,1,0,0,1,1,1,0
2387,1,1,0,0,0,0,0,0,0,0,0,0,0,0
2388,1,0,0,0,0,1,1,0,0,0,0,1,1,0
2389,0,0,1,1,0,0,0,0,0,0,0,1,1,1
2390,1,1,0,0,0,0,0,0,0,0,0,1,1,0
2391,0,1,1,0,0,0,0,0,0,1,1,1,1,0
2392,0,0,0,0,0,0,0,0,0,0,0,1,1,0
2393,1,0,1,1,0,0,0,0,0,0,0,1,1,0
2394,1,1,0,0,0,0,0,0,0,0,0,1,1,0
2395,1,0,0,0,0,1,1,1,0,0,0,1,1,0
2396,0,0,0,1,1,0,0,0,0,0,0,1,1,0
2397,0,0,0,0,0,0,0,0,0,0,0,1,1,0
2398,0,1,1,0,0,0,0,0,0,0,0,1,1,0
2399,0,1,1,0,0,0,0,0,0,0,0,1,1,0
2400,0,0,0,0,1,1,1,1,0,0,0,1,1,0
2401,1,1,1,1,0,0,0,0,0,0,0,1,1,0
2402,1,1,0,0,0,0,0,0,0,0,0,0,0,0
2403,1,1,1,1,0,0,0,0,0,0,0,1,1,0
2404,0,0,1,1,0,0,0,0,0,0,0,1,1,1
2405,1,1,1,1,0,0,0,0,0,0,0,1,1,0
2406,1,1,0,0,0,0,0,0,0,0,0,1,1,0
2407,0,0,1,1,0,0,0,0,0,0,0,1,1,0
2408,0,0,0,0,0,0,0,1,1,0,0,0,0,0
2409,1,1,0,0,0,1,1,1,0,0,0,1,1,0
2410,0,0,1,1,0,0,0,0,0,0,0,1,1,0
2411,1,1,0,0,0,1,1,1,0,0,1,1,1,0
2412,0,1,1,0,0,0,0,0,0,0,0,0,0,0
2413,1,1,0,0,0,0,0,0,0,0,0,1,1,0
2414,0,0,0,0,0,1,1,1,0,0,0,1,1,0
2415,0,0,0,0,0,0,0,0,0,0,0,1,1,0
2416,0,1,1,0,0,0,0,0,0,0,0,1,1,0
